-- phpMyAdmin SQL Dump
-- version 4.9.2
-- https://www.phpmyadmin.net/
--
-- Host: 127.0.0.1
-- Generation Time: Jun 02, 2020 at 03:20 AM
-- Server version: 10.4.10-MariaDB
-- PHP Version: 7.3.12

SET SQL_MODE = "NO_AUTO_VALUE_ON_ZERO";
SET AUTOCOMMIT = 0;
START TRANSACTION;
SET time_zone = "+00:00";


/*!40101 SET @OLD_CHARACTER_SET_CLIENT=@@CHARACTER_SET_CLIENT */;
/*!40101 SET @OLD_CHARACTER_SET_RESULTS=@@CHARACTER_SET_RESULTS */;
/*!40101 SET @OLD_COLLATION_CONNECTION=@@COLLATION_CONNECTION */;
/*!40101 SET NAMES utf8mb4 */;

--
-- Database: `db_uasir`
--

-- --------------------------------------------------------

--
-- Table structure for table `simpan_hasil`
--

CREATE TABLE `simpan_hasil` (
  `Id` int(11) NOT NULL,
  `DocId` int(11) NOT NULL,
  `Hasil_Bobot_Akhir` float NOT NULL
) ENGINE=InnoDB DEFAULT CHARSET=utf8mb4;

--
-- Dumping data for table `simpan_hasil`
--

INSERT INTO `simpan_hasil` (`Id`, `DocId`, `Hasil_Bobot_Akhir`) VALUES
(1, 1, 0),
(2, 2, 0.211706),
(3, 3, 0.162322),
(4, 4, 0.106506),
(5, 5, 0.00136379),
(6, 6, 0.000588407),
(7, 7, 0.00631157);

-- --------------------------------------------------------

--
-- Table structure for table `tbberita`
--

CREATE TABLE `tbberita` (
  `Id` int(11) NOT NULL,
  `Judul` varchar(100) NOT NULL,
  `Berita` text NOT NULL,
  `url` text NOT NULL
) ENGINE=MyISAM DEFAULT CHARSET=latin1;

--
-- Dumping data for table `tbberita`
--

INSERT INTO `tbberita` (`Id`, `Judul`, `Berita`, `url`) VALUES
(1, 'iPhone Hadir Dengan Fitur Coba Aplikasi Tanpa Install', '\nBedahdigital.com – Baru baru ini, perusahaan Apple sedang mengembangkan sistem operasi barunya yaitu IOS 14. Dikabarkan dalam sistem operasi barunya tersebut akan ada fitur coba aplikasi tanpa perlu di install terlebih dahulu oleh pengguna.\nDilansir dari situs 9to5Mac, Fitur tersebut dapat diaktifkan dengan mengklik link atau memindai kode QR yang tersedia, lalu konten dari aplikasi yang akan di install akan muncul di jendela layar kita.\nDengan sebauh API (Aplication Programming Interface) yang bernama Clips Pihak Developer dapat memuat konten interaktif aplikasi mereka sebelum di install oleh pengguna.\nApple akan menerapkan fitur tersebut pada sejumlah aplikasi seperti youtube, DoorDash, OpenTable, PlayStation 4 Second Screen, Yelp dan lainnya. Aplikasi tersebut mungkin akan dijadikan contoh oleh perusaah Apple saat perilisan Sistem Operasi baru mereka pada ajang WWDC (Worldwide Developer Conference) yang dilakukan secara online pada bulan juni mendatang.\nFitur seperti ini bukanlah yang pertama kalinya diterapkan, pasalnya pada sistem operasi Android sudah ada yang bernama Google Slices. Fitur ini langsung terintegrasi ke Google Search dan Google Assistant.\nFitur seperti ini sangalah berguna sekali, karena dengan adanya fitur ini, keamanan privasi seseorang lebih terjaga. Mengingat banyak sekali aplikasi yang menyisipkan walrawe di dalamnya.\nSelain fitur tersebut, ada juga rumor dari sistem operasi IOS 14 yang akan diluncurkan oleh Apple, yaitu fitur CarKey. CarKey membuat iPhone dan Apple Watch untuk dipakai membuka kunci mobil yang kompatibel dengan NFC, dan BMW disebut sebagai salah satu pabrikan pertama yang mendukung fitur ini.\nLalu Apple pun disebut bakal menambahkan widget di pada home screen iPhone. Fitur ini kabarnya bernama Avocado, dan widget ini bisa ditempatkan di mana saja, bukan hanya di layar khusus seperti yang ada di widget saat ini.\nArtikel ini telah terbit di : https://kitaberkata.com/ios-14-apple-menghadirkan-fitur-coba-aplikasi-tanpa-install/[1]\nReferences^ https://kitaberkata.com/ios-14-apple-menghadirkan-fitur-coba-aplikasi-tanpa-install/ (kitaberkata.com)', 'https://bedahdigital.com/ios-14-iphone-hadir-dengan-fitur-coba-aplikasi-tanpa-install/'),
(2, 'Akses Localhost Xampp Di Komputer Lain Maupun Smartphone', '\nHalo temen temen sobat bedahdigital, pada kesempatan kali ini kita akan membagikan sedikit tips cara akses localhost yang ada di komputer kita di perangkat lain seperti laptop maupun Hp. \nTerkadang kita yang sedang mengembangkan website pasti ingin mengakses web yang kita buat di laptop/komputer lain dan juga Smartphone kita. Tujuannya antara lain untuk menguji langsung tampilan wensite kita di setiap device yang berbeda, mulai dari tampilan responive, fitur berjalan dengan baik hingga user experiencenya.\nPada tutorial ini kita cuma membutuhkan jaringan wifi saja untuk menghubungkan localhost di semua perangkat nantinya.\n\nCara Akses Localhost di komputer lain maupun Handphone\n1.Hubugkan Ke Wifi yang Sama\nLangkah pertama, silakan hubungkan komputer/handphone di jaringan wifi yang sama dengan komputer kalian saat ini. Kalian bisa menggunakan hostsphot Handphone kalian yang kemudian tersambung ke perangkat komputer.\n2. Setting Firewall\nLangkah selanjutnya, kita harus setting firewall di komputer tempat xampp kita berada. Berikut langkah langkat setting firewall di komputer :\nBuka Control Panel kemudian cari firewall\n\n\nKemudian klik “Allow an app feature throught Windows Defender Firewall“\n\nKemudian centang “Apache HTTP server” seperti dibawah ini:\n\nKemudian Klik “OK” untuk menyimpan settingan\n3. Cek Ip Komputer\nLangkah selanjutnya kita cek ip komputer yang akan kita akses localhostnya, caranya sebagai berikut :\nBuka CMD kemudian ketik “ipconfig” kemudian cari IPv4 Address seperti dibawah ini :\n\nPada tutorial ini, ip address komputer kami adalah 192.168.1.3\nNote : Setiap ip address komputer berbeda beda tergantung jaringan\n4. Pastikan Xampp Jalan\nLangkah selanjutnya pastikan xampp kita sudah running \n\nLangkah terakhir kita ketikan ip address yang telah didapat tadi di browser komputer/Smartphone lain kalian \n\nSekarang kamu bisa bebas mengakses semua projek kalian yang ada di folder xampp.\nGimana? gampang bukan? Semoga toturial ini dapat membantu kalian. \nBila ada pertanyaan silahkan komentar dibawah ini. ?\nSelamat Mencoba ?\n', 'https://bedahdigital.com/akses-localhost-xampp-di-komputer-lain-maupun-smartphone/'),
(3, 'Agar Localhost Xampp dapat di Akses di Komputer Lain – Rendertimes', '\n		        Xampp merupakan salah satu server local yang biasa digunakan untuk membuat database dengan memanfaatkan PhpMyadmin. ada banyak yang bisa dilakukan dengan Xamp diantaranya sebagai server local untuk membuka File php ataupun Perl, membuat database mysql dan masih banyak lagi. Biasanya localhost hanya dijalankan pada satu perangkat saja dengan tujuan untuk testing website tanpa hosting terlebih dahulu, membuat database dan keperluan lainnya. Namun bagaimana kalau seandainya localhost atau aplikasi ini diterapkan dalam jaringan local saja tanpa terhubung internet. Kan boros jika penerapannya hanya lingkup kecil kemudian sewa hosting yang mahal.\n        Nah, untuk itu agar localhost dapat di akses oleh komputer yang saling terhubung dalam jaringan local tersebut maka cukup melakukan beberapa konfigurasi mudah agar localhost di komputer yang menjadi server dapat dibuka oleh komputer client.\n        Tanpa basa basi langsung saja , ikuti langkah-langkahnya :\nBuka Xampp Control Panel, Selanjutnya klik Button config lalu pilih “Apache (httpd.conf)”\nCarilah tulisan “LoadModule vhost_alias_module modules/mod_vhost_alias.so” lalu hilangkan tanda # yang ada di depannya.\n\nCara yang sama, Carilah tulisan “Include “conf/extra/httpd-vhosts.conf “ lalu hilangkan tanda # di depannya (jika ada)\n\nSelanjutnya mengatur siapa saja yang bisa akses localhost sebentar dengan cara\nKlik button Config pada Control Panel Xampp lalu pilih “Apache (http-xampp.conf)”.\n\nScrool kebawah sampai dapat tulisan\nErrorDocument 403 /error/XAMPP_FORBIDDEN.html.var \nSelanjutnya ketik IP address sebelum tulisan\nErrorDocument 403 /error/XAMPP_FORBIDDEN.html.var  \nAgar bisa akses localhostnya :\nSeperti ini\nAllow from 192.168.1.10Allow from 192.168.1.11\nUntuk lebih jelasnya lihat gambar\n\nUntuk merubah agar semua computer yang terhubung dapat mengakses localhost maka rubah\n“order deny, allow dan Deny from all” menjadi “Allow from all”.\nRestart Xampp Anda.\nCatatan : “Pastikan Semua computer di atur seperti diatas dengan IP yang berbeda dan pastikan juga sudah terhubung antara computer satu dengan lainnya dalam satu jaringan.\nUntuk melihat cara meghubungkan computer dalam jaringan local dapat dilihat pada postingan sebelumnya. klik[1]\n\n			\n			\n			Like this:Like Loading...							References^ klik (rendertimes.wordpress.com)', 'https://rendertimes.wordpress.com/2016/11/22/agar-localhost-xampp-dapat-di-akses-di-komputer-lain/'),
(4, 'Mengubah akses Localhost ke Public menggunakan Ngrok', 'Saya pada tahun 2009 ingin sekali mencoba mengkases website lokal yang berada di komputer rumah (terkoneksi internet) agar dapat diakses ke public, yaa semacam server tetapi dengan tujuan untuk mengakses website di lokal saja. Dahulu bisa menganti jalur koneksi dari dynamic ke static tetapi harga IP masih mahal, lalu ada yang pakai model DNS.Tetapi baru tahun ini saya menyadari ada tool yang bernama Ngrok, ternyata konsepnya sama, tapi mudahnya luar biasa. Sepertinya framework PHP laravel pun menggunakan tool ini juga.\nNah, untuk cara agar data localhost kita dapat dikases secara public ke komputer atau perangkat lain seperti berikut (misal di Windows):\n\nBuat akun Ngrok dengan membuka tautan berikut ini[1]\nAkan tampil tatacara langkah untuk mengaktifkan Ngrok\nDownload Tool Ngrok sesuai sistem operasi yang dimiliki\nEkstrak dan Masukan tool ke dalam folder yang sering diakses, misal C://\nBuka Command Prompt/Terminal, karena tool berada di C jangan lupa untuk run via administrator\nInstall Auth Ngrok dengan perintah (copy nomer 2 dengan menganti perintah awal)\nC://ngrok.exe authtoken 4fv5yrCtncvHYS5A9vPUF_3G41jLKU3d4qkMWCpm2fdsds\n\nJalankan Ngrok dengan perintah\nC://ngrok.exe http 80\n\nMaka tampilan Command Prompt akan berubah menjadi\nJika ingin melihat status Ngok dapat melalui Command Prompt seperti tampilan diatas atau membuka browser dengan membuka alamat http://localhost:4040[2]\nJangan lupa aktifkan localhost anda, misalnya jika ingin server local dapat memakai XAMPP, jalankan XAMPP untuk mengkatifkan localhost, bila localhost berhasil di tampilkan saatnya mencoba tool Ngok.\nSetelah membuka alamat http://localhost:4040[3] akan diketahui alamat ngrok.io untuk mengkases via public.\nSilahkan anda coba, dengna membuka alamat url seperti gambar diatas dengan memakai perangkat lain yang terkoneksi.\nTara… ketika saya coba memakai handphone Android dapat mengkases localhost di PC (kedua-duanya harus terkoneksi internet)\nJika request berhasil maka, pada tab status akan berubah sesuai dengan request yang diminta, cepat atau lambat tergantung koneksi internet yaaa…\nSelamat!! anda dapat mempresentasikan website anda di local PC dengan perangkat lain.\n\n\n			\n			Post Views: \n			5.802\n			References^ tautan berikut ini (dashboard.ngrok.com)^ http://localhost:4040 (localhost)^ http://localhost:4040 (localhost)', 'https://www.akunerio.com/mengubah-akses-localhost-ke-public-menggunakan-ngrok/'),
(5, 'Cara Menanam Hidroponik dengan Botol Bekas (5 Tahapan)', '\nBerkebun dengan teknik hidroponik telah marak dilakukan oleh banyak orang dari berbagai penjuru negeri, termasuk Indonesia. Jumlah petani hidroponik sendiri setiap tahun selalu bertambah dikarenakan tahu potensi besar dibalik pembudidayaan tanaman dengan memanfaatkan lahan yang sempit ini.\nHidroponik sendiri bisa dilakukan oleh siapapun, termasuk orang yang awam dalam dunia pertanian. Pasalnya, dalam menanam hidroponik, setiap orang dapat memilih metode bercocok tanam sesuai keinginan. Ada banyak sekali cara bertanam hidroponik, selain hidroponik dengan paralon[1], bisa juga dengan menggunakan botol bekas.\nJika Anda ingin belajar hidroponik di rumah, maka bisa mencoba membuat lahan hidroponik dengan memanfaatkan botol bekas. Berikut akan kami berikan panduan mengenai cara menanam hidroponik dengan botol bekas yang mudah untuk dipraktikkan.\n\n# Tahap 1: Persiapan Alat dan Bahan\nPersiapkan bahan-bahan maupun perangkat yang dibutuhkan, seperti:\n\nBotol bekas air mineral ukuran 600 ml yang sudah dibersihkan\nGunting, pisau, atau cutter untuk kebutuhan memotong\nSumbu kompor untuk mengalirkan nutrisi, atau jika barang tersebut sudah sulit ditemukan, Anda bisa ganti dengan kain flanel (wick system)\nGunakan media tanam berupa rockwool[2] yang bisa dibeli di toko pertanian atau secara online di bibitonline.com. Alasan memilih rockwool[3] karena media tanam alternatif dalam bercocok tanam hidroponik ini bisa mengikat air, serta udara untuk aerai dalam jumlah besar sehingga memberikan ruang bagi akar untuk tumbuh dan menghisap nutrisi dengan baik.\nBibit tanaman unggul untuk memberi hasil pertanian yang memuaskan\nAir bersih, bukan yang sudah bercampur dengan senyawa kimia\nNutrisi AB Mix yang bisa dibeli juga secara online lewat toko pertanian online bibitonline.com[4]\n\nSetelah semua komponen berkebun dengan memanfaatkan media berupa botol bekas (seperti Aqua) telah siap, maka Anda bisa lanjut ke step berikutnya.\n# Tahap 2: Ubah Botol untuk Sarana Menanam Hidroponik\nPada tahap ini, Anda akan menjadikan botol sebagai sarana untuk menempatkan bibit dan atau tanaman yang hendak dibudidaya secara hidroponik. Berikut langkah-langkahnya:\n\nPastikan botol bekas masih tampak kokoh dan tidak berkerut-kerut (lecek).\nAmbil alat pemotong yang sudah disediakan, potong leher botol hingga menjadi dua bagian (lihat gambar).\nBuat lubang pada tutup botol dengan diameter yang sekiranya bisa dimasukkan oleh sumbu kompor. Apabila Anda menggunakan kain flanel, maka buatlah dua lubang pada sisi yang berlawanan di bagian leher botol dekat area penutup botol.\nSetelah terdapat celah pada tutup botol, masukkan sumbu kompor ataupun kain flanelnya.\nLangkah berikutnya, balik bagian leher botol dan masukkan ke dalam badan botol (secara terbalik, posisi tutup botol berada di bawah, atau lihat gambar).\n\nBotol bekas sekarang sudah bisa digunakan untuk membudidaya tanaman. Tapi tunggu dulu, seperti pada panduan sebelumnya, pada cara menanam hidroponik dengan botol bekas juga Anda harus menyemai benih tanamannya terlebih dahulu secara terpisah.\n# Tahap 3: Semai Benih\nSediakan benih atau bibit tanaman unggul[5] yang telah Anda siapkan. Untuk langkah berikutnya, silakan ikuti panduan berikut:\n\nGunakan pisau atau gunting untuk memotong-motong rockwool[6] bentuk persegi dengan ukuran 2,5 x 2,5.\nBasahi rockwool dengan air dengan cara diciprat-ciprat, jangan direndam agar tidak terlalu lembab. Atau bisa dikira-kira sendiri.\nTempatkan media tanam rockwool ke dalam wadah tampung atau nampan[7] seperti cetakan es batu persegi, atau di dalam wadah serupa lainnya.\nBuat lubang pada bagian tengah setiap rockwool menggunakan lidi atau tusuk gigi dengan kedalaman sekitar 2 mm.\nBerikutnya, tanam benih tanaman[8] ke dalam lubang yang telah dibuat di atas rockwool sampai semuanya terisi benih.\nSetelah semua potongan rockwool berisikan benih tanaman, tutup wadah dengan kantong plastik hitam dan letakkan wadah untuk menyemai benih tersebut di tempat yang teduh atau gelap, jauhkan dari matahari.\nPantau perkembangan benih setiap hari hingga pecah benih, tandanya adalah muncul calon akar warna putih-putih dan menyembul pula calon daunnya.\nApabila benih tanaman sudah berkecambah atau berakar, sekarang Anda pindahkan ke tempat yang terkena sinar matahari. Jemur wadah dari pagi sampai siang, dan apabila panas matahari terlalu terik, pindahkan kembali ke tempat bercahaya tanpa perlu ditutup lagi dengan plastik hitam.\nDalam tahap penyemaian benih, Anda harus terus mengenalkan calon tanaman dengan sinar matahari.\nPastikan pula agar media tanam selalu basah, apabila kering maka bisa disemprotkan dengan air bersih lagi.\nTerus lakukan langkah penyiraman dan pemberian sinar matahari secara rutin setiap hari sampai setiap tanaman sudah berdaun 4 (daun sejati) yang mengindikasikan tanaman sudah siap dipindah tanam dan diberikan nutrisi.\n\n# Tahap 4: Pembuatan Nutrisi Hidroponik\nSeperti diterangkan pada cara menanam hidroponik dengan botol bekas sebelumnya, nutrisi hidroponik bisa Anda buat dengan membeli pupuk AB-Mix di toko pertanian online seperti bibitonline.com ataupun Anda bisa membuat nutrisi hidroponik sendiri[9] dengan bahan yang mudah ditemukan di sekitar.\nTanaman memerlukan nutrisi untuk pertumbuhannya. Oleh karena itu, dalam bercocok tanam hidroponik yang terkenal tanpa menggunakan media tanam berupa tanah, maka unsur vital tanaman harus terpenuhi dengan baik apabila menginginkan hasil pertanian yang bagus.\nNutrisi hidroponik AB-Mix yang dapat dijumpai di toko pertanian ini ada yang berbentuk bubuk dan ada juga yang sudah berbentuk larutan cair. Jika Anda ingin meracik sendiri, maka beli yang dalam bentuk bubuk dan ikuti panduan cara melarutkannya yang umumnya terlampir pada secarik kertas.\nUntuk AB-Mix sendiri ada beberapa jenis, Anda bisa menanyakan langsung dengan penjual. Untuk sayuran, Anda bisa membeli AB-Mix daun (sayuran daun). Sedangkan untuk tanaman buah, Anda bisa memilih AB-Mix yang khusus untuk pertumbuhan buah. AB-Mix terdiri dari dua jenis larutan cair yang terpisah yang nantinya akan dicampur dengan air sehingga siap digunakan. Klik disini[10] untuk melihat aneka produk nutrisi hidroponik yang kami jual.\n# Tahap 5: Pindah Tanam\nIni adalah momen paling ditunggu-tunggu oleh semua pelaku hidroponik. Pasalnya, benih yang sudah berkecambah akan siap tumbuh dan menjadi tanaman yang siap dipanen dan dikonsumsi ataupun dijual kembali untuk menambah pundi-pundi penghasilan.\nProses pindah tanam ini cukup sederhana, Anda hanya perlu menyiapkan botol bekas yang sudah dibuat sebelumnya. Pada bagian bawah botol, tuangkan larutan nutrisi secukupnya. Kemudian ambil bagian leher botol, pindahkan media tanam rockwool yang sudah ditumbuhi kecambah dan akar dengan hati-hati ke dalamnya. Jangan sampai lupa jalur nutrisinya dengan sumbu atau kain flanel. Kemudian, gabungkan kedua bagian seperti pada gambar.\nSekarang Anda sudah bisa melakukan perawatan intensif terhadap tanaman yang sudah ada di dalam botol bekas. Tugas Anda hanyalah memastikan tanaman tetap tumbuh dengan memberikan nutrisi secara rutin. Jangan biarkan tanaman tidak menyerap nutrisi dalam waktu lama karena akan menimbulkan risiko gagal panen dikarenakan tanaman mati.\nYang perlu Anda ketahui juga adalah semakin besar tanaman, maka kebutuhan nutrisinya ikut bertambah. Oleh karena itu, setidaknya seminggu sekali larutan nutrisi harus ditambah. Porsi pembuatan nutrisi hidroponik cair sendiri juga harus ditambahkan hingga seterusnya sampai tanaman sudah siap panen.\nItulah cara bertanam hidroponik dari botol bekas air mineral dengan wick system atau sistem sumbu. Bagi Anda yang belum tahu, sebetulnya wick system hanya satu dari banyak sistem hidroponik[11] lain, seperti fertigasi, rakit apung, NFT, dutch bucket, dan beberapa lainnya. Sistem sumbu sendiri merupakan sistem hidroponik yang cukup mudah diterapkan oleh semua orang, termasuk pemula sekalipun.\nSilahkan klik disini[12] untuk melihat aneka produk perlengkapan hidroponik yang kami jual dan klik disini[13] untuk aneka benih tanaman hidroponik.\n\nReferences^ hidroponik dengan paralon (bibitonline.com)^ media tanam berupa rockwool (bibitonline.com)^ rockwool (bibitonline.com)^ Nutrisi AB Mix (bibitonline.com)^ benih atau bibit tanaman unggul (bibitonline.com)^ rockwool (bibitonline.com)^ nampan (bibitonline.com)^ benih tanaman (bibitonline.com)^ membuat nutrisi hidroponik sendiri (bibitonline.com)^ Klik disini (bibitonline.com)^ sistem hidroponik (bibitonline.com)^ klik disini (bibitonline.com)^ klik disini (bibitonline.com)', 'https://bibitonline.com/artikel/cara-menanam-hidroponik-dengan-botol-bekas-5-tahapan'),
(6, 'Tutorial Cara Bertanam Hidroponik dengan Botol Bekas', 'Hidroponik merupakan istilah pertanian yang mulai populer belakangan ini. Saat ini banyak orang yang menjadikan Hidroponik sebagai hobi untuk mengisi kekosongan[1]. Hidroponik sendiri adalah teknik menanam dengan memanfaatkan air sebagai pengganti media tanah. Teknik ini digunakan untuk memenuhi kebutuhan nutrisi tanaman.Meskipun hidroponik[2] merupakan teknik menanam yang mengandalkan media air, tetapi jumlah air yang dibutuhkan untuk teknik hidroponik ini lebih sedikit dibanding jumlah air yang digunakan untuk bercocok tanam dengan media tanah.Oleh karena itu, teknik bertanam hidroponik sering digunakan untuk menanam tumbuhan di daerah yang jumlah pasokan airnya tidak terlalu banyak. Anda pun bisa menggunakan teknik ini untuk menghemat pemakaian air.Nah, kali ini Bacaterus[3] akan membagikan cara bertanam hidroponik dengan menggunaan botol bekas sebagai sarana untuk menanam tanamannya. Keunggulan dari cara menanam ini adalah biayanya cukup terjangkau dan prosesnya sangat mudah.Ya, selain dapat digunakan untuk membuat vas bunga[4], botol bekas juga bisa kita manfaatkan untuk membuat pot hidroponik. Selain menghemat biaya, kita juga secara tidak langsung telah menjaga lingkungan dari limbah[5] plastik yang berbahaya. Sebelum membuatnya, mari siapkan alat dan bahan yang dibutuhkan berikut ini:GuntingBotol Bekas air mineral[6] berukuran 600 mlSumbu kompor[7] (jika tidak ada bisa menggunakan kain yang tidak terpakai)Spon / Sekam Bakar / Pecahan Bata Merah yang nantinya akan digunakan sebagai media untuk menanamBibit tanamanSetelah semua alatnya terkumpul, silahkan ikuti langkah-langkah berikut ini untuk menjadikan botol bekas sebagai sarana untuk menanam hidroponik:Potong botol bekas menjadi 2 bagian, yakni potong di bagian tengah botolLubangi tutup botol membentuk celah yang nantinya akan menjadi jalur untuk sumbuMasukkan sumbu ke dalam lubang tutup botolLanjutkan dengan memasukkan bagian atas botol yang sudah dipasangi sumbu ke dalam bagian bawah botol dengan terbalik (posisi tutup botol berada di bawah)Masukkan media tanam berupa spon / sekam bakar / pecahan batu merah di atas sumbu. Gunakan bahan apa saja yang mudah diperoleh karena media ini hanya berfungsi sebagai pijakan agar tanaman tidak layuTanam bibit atau taburkan biji tanaman di atas media tanam AndaKemudian, masukkan cairan nutrisi hidroponik ke dalam botolLetakkan botol bekas ini di tempat yang tidak terkena hujan, tetapi memperoleh sinar matahari yang cukupSumbu yang sudah dipasang di dalam botol ini nantinya akan mengalirkan cairan nutrisi hidroponik di bagian bawah botol ke tanaman. Lantas, di mana Anda bisa memperoleh nutrisi hidroponik tersebut? Nutrisi hidroponik bisa dibeli di beberapa toko tanaman terdekat. Akan tetapi, Anda juga bisa membuat cairan nutrisi hidroponik itu sendiri.Cara Membuat Nutrisi HidroponikNah, Bacaterus[8] juga akan membagikan informasi mengenai cara membuat cairan atau larutan hidroponik sendiri yang dapat digunakan untuk menutrisi tumbuhan yang Anda tanam. Pertama, cobalah untuk mengumpulkan alat dan bahan yang diperlukan berikut ini:Pupuk Urea 1 kgPupuk KCL 1 kgPupuk NPK 1 kgPupuk Daun Gandasil 50 gramEmber dengan volume 20 ltDrum Plastik dengan volume 100 ltTimbangan digitalSpatula raksasa atau tongkat untuk mengadukAir sumur / Air Sungai (Hindari penggunaan Air PAM, kecuali sudah diendapkan selama 7-10 hari)Jika semua alat dan bahan sudah lengkap, mari kita mulai membuat cairan nutrisi hidroponik dengan mengikuti langkah-langkah di bawah ini:Timbang lagi semua pupuk yang sudah dibeli dengan menggunakan timbangan digital. Pastikan jumlahnya sudah sesuai dengan yang dibutuhkanMasukkan semua pupuk ke dalam emberTuangkan 20 liter air sumur / air sungai ke dalam ember berisi pupuk, kemudian aduk dengan spatula atau tongkat. Aduk sampai pupuk larut dengan airPindahkan campuran air dan pupuk ini ke dalam drum plastikTambahkan lagi air sumur / air sungai ke dalam drum plastik sembari diaduk sampai volume air mencapai 100 literSetelah Anda memastikan bahwa tidak ada endapan pupuk, maka cairan nutrisi hidroponik ini siap untuk digunakanJenis Tanaman HidroponikSecara umum teknik bertanam hidroponik dapat digunakan untuk menanam berbagai jenis tanaman. Namun terdapat beberapa tanaman yang bisa tumbuh lebih baik dengan sistem ini dibandingkan dengan yang lainnya. Berikut adalah beberapa jenis tanaman hidroponik[9] tersebut:Kelebihan dan Kekurangan Media Tanam HidroponikDi tengah maraknya orang-orang yang beralih ke teknik menanam tanaman dengan media tanam hidroponik[10], ternyata teknik ini menyimpan beberapa kelebihan dan kekurangan. Apa saja kelebihan dan kekurangan menanam secara hidroponik?Kelebihan:Penggunaan lahan lebih hemat, karena teknik ini tidak membutuhkan tanah yang luasnya berhektar-hektar. Apalagi jika Anda menggunakan cara bertanam hidroponik dengan botol bekas, Anda bisa menyusun botol-botol tersebut secara bertingkat.Penggunaan air lebih efisien, karena Anda tidak perlu menyirami tanaman pagi dan sore hari seperti yang biasa dilakukan pada tanaman yang ditanam dengan media tanah.Pertumbuhan tanaman lebih cepatKualitas tumbuhan yang dihasilkan dari teknik hidroponik lebih baik dan sehat, karena teknik ini tidak menggunakan pestisida atau pupuk kimia lainnyaMinim hama dan penyakit tanaman, karena umumnya hama dan penyakit tanaman berasal dari media tanah yang digunakan untuk bertanamTidak tergantung dengan kondisi cuaca, tanaman yang ditanam secara hidroponik hanya perlu terlindung dari air hujan sajaKekurangan:Biayanya mahal, jika Anda ingin membeli perangkat dan sistem hidroponik yang lengkap, maka budget yang perlu Anda keluarkan tidaklah sedikitMembutuhkan ketelitian dalam menyusun perangkat hidroponik, serta membuat dan menggunakan larutan nutrisi hidroponikKesalahan sistem dapat menyebabkan seluruh tanaman matiNah, apakah Anda tertarik untuk mencoba bercocok tanam menggunakan cara hidroponik? Bagi pemula, sebaiknya Anda mencoba cara bertanam hidroponik dengan botol bekas terlebih dahulu. Selain murah, cara pembuatannya juga tergolong cukup mudah.Namun, bila Anda sudah yakin dan mantap, maka Anda bisa membeli perangkat dan sistem hidroponik. Biaya investasi awal memang cukup besar, tetapi jika sukses maka hasil yang diperoleh akan sepadan dengan dana yang sudah Anda keluarkan.References^ hobi untuk mengisi kekosongan (bacaterus.com)^ hidroponik (id.wikipedia.org)^ Bacaterus (bacaterus.com)^ membuat vas bunga (bacaterus.com)^ limbah (bacaterus.com)^ air mineral (bacaterus.com)^ kompor (bacaterus.com)^ Bacaterus (bacaterus.com)^ jenis tanaman hidroponik (bacaterus.com)^ media tanam hidroponik (bacaterus.com)', 'https://bacaterus.com/cara-bertanam-hidroponik/'),
(7, '8 Cara Menanam Hidroponik Dengan Botol Bekas', 'Salam Budidaya. Pada kesempatan kali ini kami akan memberikan informasi bagaimana cara menanam  hidroponik dengan botol bekas. Kita semua pasti sering melihat dan merasakan langsung akan masalah sampah plastik yang dibuang sembarangan disekitar kita. Hal ini tentu  mengakibatkan terjadinya pencemaran lingkungan dan juga mengurangi keindahan lingkungan itu sendiri.Memang sampah plastik ini tidak dapat diuraikan oleh mikroba pengurai sehingga sangat sulit membusukknnya. Jika kita membakarnya, asapnya justru mencemari udara yang mana jika terhirup dapat membahayakan kesehatan tubuh manusia.Salah satu bentuk sampah plastik ialah botol plastik. Nah, daripada botol plastik ini bertebaran mencemari ingkungan, alangkah baiknya jika kita memanfaatkannya menjadi sesuatu yang berguna. Salah satu cara untuk memanfaatkan botol bekas ialah dengan menjadikannya sebagai media hidroponik. Ada banyak jenis tanaman yang bisa dibudidayakan secara hidroponik semisal cara menanam bunga secara hidroponik[1], cara menanam sayur secara hidroponik[2], cara menanam jahe secara hidroponik[3] dan lain-lain.Cara menanam hidroponik dengan botol bekas merupakan salajh satu langkah yang bisa anda ambil untuk mengurangi dampak pencemaran lingkungan akibat sampah berbahan plastik. Seperti yang kita ketahui bersama bahwa menanam tanaman tidak akan pernah merugikan kita. Selain bisa menyegarkan suasana lingkungan, kita juga bisa mendapatkan manfaat dari daun atau buahnya jika itu merupakan tanaman jenis sayuran atau buah-buahan.Cara bertanama hidroponik ini nantinya kita hampir tidak akan menggunakan media tanah untuk dasar tanaman melainkan menggunakan bahan lainnya dan botol bekas inilah yang akan kita olah menjadi wadah penampungnya. Nah untuk mengetahui cara menanam hidroponik dengan botol bekas, anda bisa menyimak diartikel ini langkah-demi langkah cara membuat botol bekas menjadi media hidroponik. Langkah-langkah membuatnya adalah sebagai berikut :1. Memilih Botol Plastik Yang SesuaiPertama-tama kita memang harus memilih botol plastik yang sesuai. Lho kok sesuai? Sesuai dengan apa? Maksudnya ialah sesuai dengan ukuran tanaan yang hendak kita tanam. Untuk menanam tanamna yang berukuran kecil seperti jenis bunga dan beberapa jens sayuran maka kita bisa memanfaatkan botol berukuran 500ml kebawah.Untuk menanam tanaman berukuran sedang, maka kita bisa memanfaatkan botol berukuran 1 Liter dan untuk menanam tanaman berukuran sedang keatas, maka kita bisa memanfaatkan botol ukuran 2 Liter atau lebih2. Memodifikasi Bentuk BotolSeperti yang kita ketahui bersama bahwa bentuk botol biasanya mengecil pada bagian kepalanya.Jika kita gunakan untuk menanam maka mungkin kita akan kesulitan melakukan perawatan tanaman nantinya maka dari itu kita harus memodifikasi bentuknya.Kita bisa memotong 1/3 bagian atas botol sehingga didapat bentuk seperti gelas besar nah dengan bentuk seperti ini kita akan lebih leluasa merawat tanaman nantinya dan batang tanaman juga bisa tumbuh dengan maksimal. 3. Memberikan Lubang Pori-Pori DrainaseIni tidak boleh sampai terlewatkan pada cara menanam hidroponik dengan botol bekas. Meski tanaman perlu air, namun bukan berarti airnya tergenang. Air yang disiramkan juga harus bisa lekas kering agar akar tanaman tidak mati atau malah busuk.Karena menanam pada botol, maka kita harus membuat lubang pori-pori drainase. Anda bisa menusuk-nusuk dinding dan alas botol menggunakan jarum besar atau paku. Jangan membuat luban terlalu besar karena nantinya malah dapat membuang kandungan media tanam didalam botol.4. Menyiapkan Media Tanam Pengganti TanahKarena bertanam menggunakan metode hidroponik berarti tidak menggunakan tanah, maka anda bisa menggunakan beberapa bahan lain utnuk menggantikan tanah seperti sekam, serabut kelapa, pasir, serbuk kayu kerikil halus dll.Yang paling bagus ialah mencampurnya dengan komposisi seimbang. Anda bisa menyiapkan campuran sekam : serbuk kayu : pasir : serabut kelapa halus : kerikil halus dengan perbandingan 2:2:2:2:1.Setelah dicampur merata maka masukkan kedalam wadah botol hingga hampir penuh. 5. Mengatur Peletakan BotolJika hendak menanam dalam skala besar, maka anda harus bisa mengatur letak dan posisi botol agar bisa tersusun rapi yang mana ini sangat berpengaruh pada kemudahan proses perawatan tanaman nantinya. Anda bisa menyusunnya berbaris dipermukaan tanah atau membuatkan rak susun sehingga peletakan botol bertingkat-tingkat. Tentunya itu juga tergantung jenis tanaman yang hendak anda tanam.Yang tak aklah penting ialah memastikan botol diletakkan pad atempat yang terpapar sinar matahari langsung karena tanaman sangat memerlukan cahaya matahari dalam berfotosintesis dan melakukan metabolisme.6. Membuat Sistem PengairanIni sebenarnya bagian dari inovasi yang akan memudahkan anda dalam proses penyiraman tanaman nantinya. Untuk memudahkan penyiraman, kita bisa memanfaatkan selang kecil sebagai sarana distribusi air ke setiap tanaman.Ini mirip dengan metode impus pada cara menanam semangka[4] atau cara menanam melon[5] hanya saja selang tadi berukuran kecil yang dilewatkan kesetiap botol lalu selang yang berada tepat diatas botol kita lubangi agar nantinya air yang mengalir melaluii selang akan mengucur kedalam botol untuk menyirami tanaman. Ujung selang kita hubungkan dengan wadah tampungan air besar seperti tempanya lalu pada ujung satunya kita sumbat.Jadi anda hanya tinggal mengisi air dalam tempayan yang otomatis akan mengalir kesetiap tanaman hidroponik melalui selang tadi.7. Memberikan Pupuk Dasar Dalam BotolTanaman yang ditanam nantinya pasti juga memerlukan nutrisi untuk tumbuh kembang. Oleh karena itu kita perlu memberikan pupuk dasar yang memiliki kandungan nutrisi unsur hara yang seimbang. Yang terbaik ialah memadukan pupuk organik dengan pupuk buatan dengan komposisi seimbang. Misalnya jika anda menggunakan 10 kg pupuk kandang maka anda bisa mencampurnya dengan 1 – 2 ons pupuk buatan yang terdiri dari Phonska + SP 36 + KNO3 dengan perbandingan 2 : 1 : 0,1 .8. Menanam dan Merawat TanamanJika media tanam botolnya sudah siap, maka anda bisa segera menanam tanaman. Setelah ditanam maka anda perlu juga melakukan perawatan yang meliputi penyiraman, pemupukan susulan serta penyiangan.Untuk interval dan ketentuan perawatan lainnya maka berbeda-beda tiap tanaman. Anda bisa membaca artikel lain disitus ini mengenai cara menanam dan cara membudidayakan tanaman yang hendak anda tanam sesuai keinginan anda.Nah demikianlah tahapan umum cara menanam hidroponik dengan botol bekas. Agar hasilnya lebih bagus, maka kami akanmemberikan beberapa Tips sukses cara menanam hidroponik dengan botol bekas. Tips Sukses Menanam Hidroponik Dengan Botol BekasBerikut adalah beberapa tips suksesnya :Untuk tanaman yang ditanam dengan botol pada area indoor (dalam ruangan) maka anda harus meletakkan botolnya didekat jendela kaca tembus cahaya atau anda bisa mensiasatinya dengan menggunakan lampu fotosintesis.Karena media perkembangan akar sangat terbatas, maka anda harus sering menambahkan pupuk bukan hanya pada area perakaran, namun juga menyemprotkan pupuk organik cair pada area daun dan batang tanaman sehingga bisa diserap tanaman untuk mengimbangi kebutuhan asupan nutrisi tanamanGunakan ZPT untuk mempercepat laju pertumbuhan tanaman dengan catatan harus diimbangi dengan asupan pupuk yang memadaiJika dirasa ukuran tanaman terlalu besar dan botol kurang muat untuk menampung karnya maka and bisa memindahkan tanaman kebotol lain atau pot, namun harus dengan ekstra hati-hati agar jangan sampai merusak akar tanaman terlalu banyak. Cara mudahnya anda bisa menggunakan cutter untuk membuat lubang-lubang yang lebih besar disekeliling dinding dan dasar botol lalu tanaman dimasukkan ke pot yang lebih besar bersamaan dengan botolnya.Nah, demikianlah cara menanam hidroponik dengan botol bekas. Cukup mudah bukan? Kami juga masih memiliki banhyal artikel lain seputar dunia budidaya tanaman dan binatang seperti cara menanam durian montong[6], cara menanam jambu madu[7], cara budidaya ikan cupang[8] dan lain-lain. Salam Budidaya.    References^ cara menanam bunga secara hidroponik (ilmubudidaya.com)^ cara menanam sayur secara hidroponik (ilmubudidaya.com)^ cara menanam jahe secara hidroponik (ilmubudidaya.com)^ cara menanam semangka (ilmubudidaya.com)^ cara menanam melon (ilmubudidaya.com)^ cara menanam durian montong (ilmubudidaya.com)^ cara menanam jambu madu (ilmubudidaya.com)^ cara budidaya ikan cupang (ilmubudidaya.com)', 'https://ilmubudidaya.com/cara-menanam-hidroponik-dengan-botol-bekas');

-- --------------------------------------------------------

--
-- Table structure for table `tbcache`
--

CREATE TABLE `tbcache` (
  `Id` int(11) NOT NULL,
  `Query` varchar(100) NOT NULL,
  `DocId` int(11) NOT NULL,
  `Value` float NOT NULL
) ENGINE=MyISAM DEFAULT CHARSET=latin1;

-- --------------------------------------------------------

--
-- Table structure for table `tbindex`
--

CREATE TABLE `tbindex` (
  `Id` int(11) NOT NULL,
  `Term` varchar(30) NOT NULL,
  `DocId` int(11) NOT NULL,
  `Count` int(11) NOT NULL,
  `Bobot` float NOT NULL
) ENGINE=MyISAM DEFAULT CHARSET=latin1;

--
-- Dumping data for table `tbindex`
--

INSERT INTO `tbindex` (`Id`, `Term`, `DocId`, `Count`, `Bobot`) VALUES
(1, 'iphone', 1, 2, 4.15888),
(2, 'hadir', 1, 1, 2.07944),
(3, 'fr', 1, 12, 16.6355),
(4, 'coba', 1, 4, 5.54518),
(5, 'aplikasi', 1, 9, 12.4766),
(6, 'tanpa', 1, 4, 3.92332),
(7, 'install', 1, 6, 12.4766),
(8, '\nbedahdigital', 1, 1, 2.07944),
(9, 'com', 1, 4, 1.15073),
(10, '–', 1, 1, 0.980829),
(11, 'baru', 1, 3, 4.15888),
(12, 'perusahaan', 1, 1, 2.07944),
(13, 'apple', 1, 7, 14.5561),
(14, 'seg', 1, 1, 0.980829),
(15, 'mengembangkan', 1, 1, 1.38629),
(16, 'sistem', 1, 5, 2.35002),
(17, 'operasi', 1, 5, 6.93147),
(18, 'barunya', 1, 2, 4.15888),
(19, 'ya??ios', 1, 1, 2.07944),
(20, '14', 1, 4, 8.31777),
(21, 'dikabarkan', 1, 1, 2.07944),
(22, 'dalam', 1, 1, 0.287682),
(23, 'akan', 1, 6, 1.72609),
(24, 'ada', 1, 4, 0.534126),
(25, 'perlu', 1, 1, 0.693147),
(26, 'di', 1, 10, 0),
(27, 'terlebih', 1, 1, 0.693147),
(28, 'dahulu', 1, 1, 0.470004),
(29, 'oleh', 1, 4, 1.88001),
(30, 'pengguna', 1, 2, 4.15888),
(31, '\ndilansir', 1, 1, 2.07944),
(32, 'ss', 1, 1, 2.07944),
(33, '9to5mac', 1, 1, 2.07944),
(34, 'dapat', 1, 2, 0),
(35, 'ktifkan', 1, 1, 2.07944),
(36, 'mengklik', 1, 1, 2.07944),
(37, 'link', 1, 1, 2.07944),
(38, 'memindai', 1, 1, 2.07944),
(39, 'kode', 1, 1, 2.07944),
(40, 'qr', 1, 1, 2.07944),
(41, 'terse', 1, 1, 2.07944),
(42, 'lalu', 1, 1, 0.693147),
(43, 'konten', 1, 2, 4.15888),
(44, 'muncul', 1, 1, 1.38629),
(45, 'jendela', 1, 1, 1.38629),
(46, 'layar', 1, 2, 4.15888),
(47, 'kita', 1, 1, 0.470004),
(48, '\n', 1, 1, 0.980829),
(49, 'sebauh', 1, 1, 2.07944),
(50, 'api', 1, 1, 2.07944),
(51, 'aplication', 1, 1, 2.07944),
(52, 'programming', 1, 1, 2.07944),
(53, 'interface', 1, 1, 2.07944),
(54, 'bernama??clips??pihak', 1, 1, 2.07944),
(55, 'developer', 1, 2, 4.15888),
(56, 'memuat', 1, 1, 2.07944),
(57, 'interaktif', 1, 1, 2.07944),
(58, 'mereka', 1, 2, 4.15888),
(59, 'sebelum', 1, 1, 0.980829),
(60, '\napple', 1, 1, 2.07944),
(61, 'menerapkan', 1, 1, 2.07944),
(62, 'sejumlah', 1, 1, 2.07944),
(63, 'seperti', 1, 4, 0.534126),
(64, 'youtube', 1, 1, 2.07944),
(65, 'doordash', 1, 1, 2.07944),
(66, 'opentable', 1, 1, 2.07944),
(67, 'playstation', 1, 1, 2.07944),
(68, '4', 1, 1, 0.980829),
(69, 'second', 1, 1, 2.07944),
(70, 'screen', 1, 2, 4.15888),
(71, 'yelp', 1, 1, 2.07944),
(72, 'lainnya', 1, 1, 0.470004),
(73, 'mungkin', 1, 1, 1.38629),
(74, 'dijadikan', 1, 1, 2.07944),
(75, 'contoh', 1, 1, 2.07944),
(76, 'perusaah', 1, 1, 2.07944),
(77, 'saat', 1, 2, 1.96166),
(78, 'perilisan', 1, 1, 2.07944),
(79, 'ajang', 1, 1, 2.07944),
(80, 'wwdc', 1, 1, 2.07944),
(81, 'worldwide', 1, 1, 2.07944),
(82, 'conference', 1, 1, 2.07944),
(83, 'dilakukan', 1, 1, 0.693147),
(84, 'secara', 1, 1, 0.470004),
(85, 'online', 1, 1, 1.38629),
(86, 'bulan', 1, 1, 2.07944),
(87, 'juni', 1, 1, 2.07944),
(88, 'mendatang', 1, 1, 2.07944),
(89, '\nfr', 1, 2, 4.15888),
(90, 'bukanlah', 1, 1, 2.07944),
(91, 'pertama', 1, 2, 1.96166),
(92, 'kalinya', 1, 1, 2.07944),
(93, 'diterapkan', 1, 1, 0.980829),
(94, 'pasalnya', 1, 1, 1.38629),
(95, 'android', 1, 1, 1.38629),
(96, 'sudah', 1, 1, 0.287682),
(97, 'bernama', 1, 2, 2.77259),
(98, 'google', 1, 3, 6.23832),
(99, 'slices', 1, 1, 2.07944),
(100, 'langsung', 1, 1, 0.287682),
(101, 'terintegrasi', 1, 1, 2.07944),
(102, 'search', 1, 1, 2.07944),
(103, 'assistant', 1, 1, 2.07944),
(104, 'sangalah', 1, 1, 2.07944),
(105, 'berguna', 1, 1, 1.38629),
(106, 'sekali', 1, 2, 1.96166),
(107, 'karena', 1, 1, 0.470004),
(108, 'aya', 1, 1, 2.07944),
(109, 'amanan', 1, 1, 2.07944),
(110, 'privasi', 1, 1, 2.07944),
(111, 'seseorang', 1, 1, 2.07944),
(112, 'lebih', 1, 1, 0.693147),
(113, 'terjaga', 1, 1, 2.07944),
(114, 'mengingat', 1, 1, 2.07944),
(115, 'banyak', 1, 1, 0.470004),
(116, 'menyisipkan', 1, 1, 2.07944),
(117, 'walrawe', 1, 1, 2.07944),
(118, 'dalamnya', 1, 1, 1.38629),
(119, '\nselain', 1, 1, 2.07944),
(120, 'rumor', 1, 1, 2.07944),
(121, 'ios', 1, 3, 6.23832),
(122, 'diluncurkan', 1, 1, 2.07944),
(123, 'ya', 1, 1, 1.38629),
(124, 'cary', 1, 2, 4.15888),
(125, 'membuat??iphone??', 1, 1, 2.07944),
(126, 'watch', 1, 1, 2.07944),
(127, 'untuk', 1, 1, 0.133531),
(128, 'dipakai', 1, 1, 2.07944),
(129, 'membuka', 1, 1, 0.980829),
(130, 'kunci', 1, 1, 2.07944),
(131, 'mobil', 1, 1, 2.07944),
(132, 'kompatibel', 1, 1, 2.07944),
(133, 'nfc', 1, 1, 2.07944),
(134, 'bmw', 1, 1, 2.07944),
(135, 'disebut', 1, 2, 4.15888),
(136, 'sebagai', 1, 1, 0.287682),
(137, 'salah', 1, 1, 0.980829),
(138, 'satu', 1, 1, 0.693147),
(139, 'pabrikan', 1, 1, 2.07944),
(140, 'mendukung', 1, 1, 2.07944),
(141, '\nlalu', 1, 1, 2.07944),
(142, 'pun', 1, 1, 0.470004),
(143, 'bakal', 1, 1, 2.07944),
(144, 'menambahkan', 1, 1, 1.38629),
(145, 'widget', 1, 3, 6.23832),
(146, 'home', 1, 1, 2.07944),
(147, 'kabarnya', 1, 1, 2.07944),
(148, 'avocado', 1, 1, 2.07944),
(149, 'bisa', 1, 1, 0.133531),
(150, 'ditempatkan', 1, 1, 2.07944),
(151, 'mana', 1, 1, 0.980829),
(152, 'saja', 1, 1, 0.287682),
(153, 'bukan', 1, 1, 0.693147),
(154, 'hanya', 1, 1, 0.470004),
(155, 'khusus', 1, 1, 1.38629),
(156, '\nartil', 1, 1, 2.07944),
(157, 'telah', 1, 1, 0.693147),
(158, 'terbit', 1, 1, 2.07944),
(159, 'https', 1, 2, 4.15888),
(160, 'kitaberkata', 1, 3, 6.23832),
(161, 'menghadirkan', 1, 2, 4.15888),
(162, '[1]\nreferences^', 1, 1, 2.07944),
(163, 'akses', 2, 4, 2.77259),
(164, 'localhost', 2, 4, 2.77259),
(165, 'xampp', 2, 5, 3.46574),
(166, 'di', 2, 12, 0),
(167, 'komputer', 2, 13, 9.01091),
(168, 'lain', 2, 6, 1.72609),
(169, 'maupun', 2, 3, 4.15888),
(170, 'smartphone', 2, 3, 6.23832),
(171, '\nhalo', 2, 1, 2.07944),
(172, 'temen', 2, 2, 4.15888),
(173, 'sobat', 2, 1, 2.07944),
(174, 'bedahdigital', 2, 1, 2.07944),
(175, 'sempatan', 2, 1, 1.38629),
(176, 'kali', 2, 1, 0.980829),
(177, 'kita', 2, 13, 6.11005),
(178, 'akan', 2, 2, 0.575364),
(179, 'membagikan', 2, 1, 1.38629),
(180, 'sedikit', 2, 1, 1.38629),
(181, 'tips', 2, 1, 1.38629),
(182, 'cara', 2, 1, 0.287682),
(183, 'ada', 2, 3, 0.400594),
(184, 'perangkat', 2, 3, 1.41001),
(185, 'seperti', 2, 3, 0.400594),
(186, 'laptop', 2, 2, 4.15888),
(187, 'hp', 2, 1, 2.07944),
(188, '\nterkag', 2, 1, 2.07944),
(189, 'seg', 2, 1, 0.980829),
(190, 'mengembangkan', 2, 1, 1.38629),
(191, 'website', 2, 1, 0.980829),
(192, 'pasti', 2, 1, 1.38629),
(193, 'ingin', 2, 1, 0.693147),
(194, 'mengakses', 2, 2, 1.96166),
(195, 'web', 2, 1, 2.07944),
(196, 'buat', 2, 1, 1.38629),
(197, 'tujuannya', 2, 1, 2.07944),
(198, 'antara', 2, 1, 1.38629),
(199, 'untuk', 2, 3, 0.400594),
(200, 'menguji', 2, 1, 2.07944),
(201, 'langsung', 2, 1, 0.287682),
(202, 'tampilan', 2, 2, 2.77259),
(203, 'wensite', 2, 1, 2.07944),
(204, 'setiap', 2, 2, 1.96166),
(205, 'device', 2, 1, 2.07944),
(206, 'berbeda', 2, 2, 1.96166),
(207, 'mulai', 2, 1, 1.38629),
(208, 'responive', 2, 1, 2.07944),
(209, 'fr', 2, 1, 1.38629),
(210, 'berjalan', 2, 1, 2.07944),
(211, 'baik', 2, 1, 0.980829),
(212, 'hingga', 2, 1, 0.980829),
(213, 'user', 2, 1, 2.07944),
(214, 'experiencenya', 2, 1, 2.07944),
(215, '\n', 2, 1, 0.980829),
(216, 'tutorial', 2, 2, 2.77259),
(217, 'cuma', 2, 1, 2.07944),
(218, 'membutuhkan', 2, 1, 1.38629),
(219, 'jaringan', 2, 2, 2.77259),
(220, 'wifi', 2, 3, 6.23832),
(221, 'saja', 2, 1, 0.287682),
(222, 'menghubungkan', 2, 1, 2.07944),
(223, 'semua', 2, 2, 0.940007),
(224, 'nantinya', 2, 1, 0.693147),
(225, '\n\ncara', 2, 1, 1.38629),
(226, 'handphone\n1', 2, 1, 2.07944),
(227, 'hubugkan', 2, 1, 2.07944),
(228, 'sama\nlangkah', 2, 1, 2.07944),
(229, 'pertama', 2, 1, 0.980829),
(230, 'silakan', 2, 1, 1.38629),
(231, 'hubungkan', 2, 1, 1.38629),
(232, 'handphone', 2, 2, 2.77259),
(233, 'sama', 2, 1, 0.980829),
(234, 'kalian', 2, 6, 12.4766),
(235, 'saat', 2, 1, 0.980829),
(236, 'bisa', 2, 2, 0.267063),
(237, 'menggunakan', 2, 1, 0.470004),
(238, 'hostsphot', 2, 1, 2.07944),
(239, 'mun', 2, 4, 2.77259),
(240, 'tersambung', 2, 1, 2.07944),
(241, '\n2', 2, 1, 2.07944),
(242, 'setting', 2, 3, 6.23832),
(243, 'firewall\nlangkah', 2, 1, 2.07944),
(244, 'selanjutnya', 2, 3, 4.15888),
(245, 'harus', 2, 1, 0.693147),
(246, 'firewall', 2, 2, 4.15888),
(247, 'tempat', 2, 1, 0.980829),
(248, 'berada', 2, 1, 0.470004),
(249, 'berikut', 2, 2, 0.940007),
(250, 'langkah', 2, 1, 0.287682),
(251, 'langkat', 2, 1, 2.07944),
(252, '\nbuka', 2, 2, 1.96166),
(253, 'control', 2, 1, 1.38629),
(254, 'panel', 2, 1, 1.38629),
(255, 'cari', 2, 2, 4.15888),
(256, 'firewall\n\n\nmun', 2, 1, 2.07944),
(257, 'klik', 2, 2, 1.96166),
(258, '“allow', 2, 1, 2.07944),
(259, 'an', 2, 1, 2.07944),
(260, 'app', 2, 1, 2.07944),
(261, 'feature', 2, 1, 2.07944),
(262, 'throught', 2, 1, 2.07944),
(263, 'windows', 2, 1, 1.38629),
(264, 'defender', 2, 1, 2.07944),
(265, 'firewall“\n\nmun', 2, 1, 2.07944),
(266, 'centang', 2, 1, 2.07944),
(267, '“apache', 2, 1, 1.38629),
(268, 'http', 2, 1, 0.980829),
(269, 'server”', 2, 1, 2.07944),
(270, 'dibawah', 2, 3, 6.23832),
(271, '\n\nmun', 2, 1, 2.07944),
(272, '“ok”', 2, 1, 2.07944),
(273, 'menyimpan', 2, 1, 1.38629),
(274, 'settingan\n3', 2, 1, 2.07944),
(275, 'cek', 2, 2, 4.15888),
(276, 'ip', 2, 5, 4.90415),
(277, 'komputer\nlangkah', 2, 1, 2.07944),
(278, 'localhostnya', 2, 1, 1.38629),
(279, 'caranya', 2, 1, 2.07944),
(280, 'sebagai', 2, 1, 0.287682),
(281, 'cmd', 2, 1, 2.07944),
(282, 'tik', 2, 1, 1.38629),
(283, '“ipconfig”', 2, 1, 2.07944),
(284, 'ipv4', 2, 1, 2.07944),
(285, 'address', 2, 4, 5.54518),
(286, '\n\n', 2, 1, 2.07944),
(287, '192', 2, 1, 1.38629),
(288, '168', 2, 1, 1.38629),
(289, '1', 2, 1, 0.470004),
(290, '3\nnote', 2, 1, 2.07944),
(291, 'beda', 2, 1, 1.38629),
(292, 'tergantung', 2, 1, 0.693147),
(293, 'jaringan\n4', 2, 1, 2.07944),
(294, 'pastikan', 2, 2, 1.96166),
(295, 'jalan\nlangkah', 2, 1, 2.07944),
(296, 'sudah', 2, 1, 0.287682),
(297, 'running', 2, 1, 2.07944),
(298, '\n\nlangkah', 2, 1, 2.07944),
(299, 'terakhir', 2, 1, 2.07944),
(300, 'tikan', 2, 1, 2.07944),
(301, 'telah', 2, 1, 0.693147),
(302, 'didapat', 2, 1, 1.38629),
(303, 'tadi', 2, 1, 1.38629),
(304, 'browser', 2, 1, 1.38629),
(305, '\n\nsekarang', 2, 1, 2.07944),
(306, 'bebas', 2, 1, 2.07944),
(307, 'projek', 2, 1, 2.07944),
(308, 'folder', 2, 1, 1.38629),
(309, '\ngimana', 2, 1, 2.07944),
(310, 'gampang', 2, 1, 2.07944),
(311, 'bukan', 2, 1, 0.693147),
(312, 'semoga', 2, 1, 2.07944),
(313, 'toturial', 2, 1, 2.07944),
(314, 'dapat', 2, 1, 0),
(315, 'membantu', 2, 1, 2.07944),
(316, '\nbila', 2, 1, 2.07944),
(317, 'pertanyaan', 2, 1, 2.07944),
(318, 'silahkan', 2, 1, 1.38629),
(319, 'komentar', 2, 1, 2.07944),
(320, '\nselamat', 2, 1, 2.07944),
(321, 'mencoba', 2, 1, 0.693147),
(322, 'agar', 3, 4, 1.15073),
(323, 'localhost', 3, 7, 4.85203),
(324, 'xampp', 3, 6, 4.15888),
(325, 'dapat', 3, 6, 0),
(326, 'di', 3, 7, 0),
(327, 'akses', 3, 4, 2.77259),
(328, 'komputer', 3, 4, 2.77259),
(329, 'lain', 3, 1, 0.287682),
(330, '–', 3, 1, 0.980829),
(331, 'rendertimes', 3, 2, 4.15888),
(332, '\n		??', 3, 1, 2.07944),
(333, '??', 3, 1, -0.117783),
(334, '??', 3, 1, -0.117783),
(335, '??', 3, 1, -0.117783),
(336, 'merupakan', 3, 1, 0.693147),
(337, 'salah', 3, 1, 0.980829),
(338, 'satu', 3, 4, 2.77259),
(339, 'server', 3, 3, 4.15888),
(340, 'local', 3, 5, 6.93147),
(341, 'biasa', 3, 1, 0.980829),
(342, 'digunakan', 3, 1, 0.980829),
(343, 'untuk', 3, 4, 0.534126),
(344, 'membuat', 3, 3, 2.07944),
(345, 'database', 3, 3, 6.23832),
(346, 'memanfaatkan', 3, 1, 0.693147),
(347, 'phpmyadmin', 3, 1, 2.07944),
(348, 'ada', 3, 3, 0.400594),
(349, 'banyak', 3, 2, 0.940007),
(350, 'bisa', 3, 3, 0.400594),
(351, 'dilakukan', 3, 1, 0.693147),
(352, 'xamp', 3, 1, 2.07944),
(353, 'ntaranya', 3, 1, 2.07944),
(354, 'sebagai', 3, 1, 0.287682),
(355, 'membuka', 3, 1, 0.980829),
(356, 'file', 3, 1, 2.07944),
(357, 'php', 3, 1, 1.38629),
(358, 'pun', 3, 1, 0.470004),
(359, 'perl', 3, 1, 2.07944),
(360, 'mysql', 3, 1, 2.07944),
(361, 'masih', 3, 1, 0.693147),
(362, 'lagi', 3, 1, 0.980829),
(363, 'biasanya', 3, 1, 1.38629),
(364, 'hanya', 3, 2, 0.940007),
(365, 'dijalankan', 3, 1, 2.07944),
(366, 'perangkat', 3, 1, 0.470004),
(367, 'saja', 3, 4, 1.15073),
(368, 'tujuan', 3, 1, 1.38629),
(369, 'testing', 3, 1, 2.07944),
(370, 'website', 3, 1, 0.980829),
(371, 'tanpa', 3, 3, 2.94249),
(372, 'hosting', 3, 2, 4.15888),
(373, 'terlebih', 3, 1, 0.693147),
(374, 'dahulu', 3, 1, 0.470004),
(375, 'perluan', 3, 1, 2.07944),
(376, 'lainnya', 3, 2, 0.940007),
(377, 'namun', 3, 1, 0.980829),
(378, 'bagaimana', 3, 1, 1.38629),
(379, 'kalau', 3, 1, 2.07944),
(380, 'seandainya', 3, 1, 2.07944),
(381, 'aplikasi', 3, 1, 1.38629),
(382, 'diterapkan', 3, 1, 0.980829),
(383, 'dalam', 3, 4, 1.15073),
(384, 'jaringan', 3, 4, 5.54518),
(385, 'terhubung', 3, 4, 8.31777),
(386, 'internet', 3, 1, 1.38629),
(387, 'kan', 3, 1, 2.07944),
(388, 'boros', 3, 1, 2.07944),
(389, 'jika', 3, 2, 0.940007),
(390, 'penerapannya', 3, 1, 2.07944),
(391, 'lingkup', 3, 1, 2.07944),
(392, 'cil', 3, 1, 1.38629),
(393, 'mun', 3, 1, 0.693147),
(394, 'sewa', 3, 1, 2.07944),
(395, 'mahal', 3, 1, 0.980829),
(396, '\n??', 3, 1, 1.38629),
(397, '??', 3, 1, -0.117783),
(398, '??', 3, 1, -0.117783),
(399, '??', 3, 1, -0.117783),
(400, 'nah', 3, 1, 0.980829),
(401, 'oleh', 3, 2, 0.940007),
(402, 'saling', 3, 1, 2.07944),
(403, 'maka', 3, 2, 0.940007),
(404, 'cukup', 3, 1, 0.693147),
(405, 'melakukan', 3, 1, 0.980829),
(406, 'beberapa', 3, 1, 0.693147),
(407, 'konfigurasi', 3, 1, 2.07944),
(408, 'mudah', 3, 1, 0.693147),
(409, 'menjadi', 3, 1, 0.693147),
(410, 'dibuka', 3, 1, 2.07944),
(411, 'client', 3, 1, 2.07944),
(412, '\n??', 3, 1, 1.38629),
(413, '??', 3, 1, -0.117783),
(414, '??', 3, 1, -0.117783),
(415, '??', 3, 1, -0.117783),
(416, 'basa', 3, 1, 2.07944),
(417, 'basi', 3, 1, 2.07944),
(418, 'langsung', 3, 1, 0.287682),
(419, 'ikuti', 3, 1, 0.980829),
(420, 'langkah', 3, 1, 0.287682),
(421, 'langkahnya', 3, 1, 1.38629),
(422, '\nbuka', 3, 1, 0.980829),
(423, 'control', 3, 2, 2.77259),
(424, 'panel', 3, 2, 2.77259),
(425, 'selanjutnya', 3, 1, 1.38629),
(426, 'klik', 3, 2, 1.96166),
(427, 'button', 3, 2, 4.15888),
(428, 'config', 3, 2, 4.15888),
(429, 'lalu', 3, 3, 2.07944),
(430, 'pilih', 3, 2, 4.15888),
(431, '“apache', 3, 2, 2.77259),
(432, 'httpd', 3, 2, 4.15888),
(433, 'conf', 3, 3, 6.23832),
(434, '”\ncarilah', 3, 1, 2.07944),
(435, 'tulisan??“loadmodule', 3, 1, 2.07944),
(436, 'vhost_alias_module', 3, 1, 2.07944),
(437, 'modules', 3, 1, 2.07944),
(438, 'mod_vhost_alias', 3, 1, 2.07944),
(439, 'so”', 3, 1, 2.07944),
(440, 'hilangkan', 3, 2, 4.15888),
(441, 'tanda', 3, 2, 4.15888),
(442, '#', 3, 2, 4.15888),
(443, 'depannya', 3, 2, 4.15888),
(444, '\n\ncara', 3, 1, 1.38629),
(445, 'sama', 3, 1, 0.980829),
(446, 'carilah', 3, 1, 2.07944),
(447, 'tulisan??“include', 3, 1, 2.07944),
(448, '“conf', 3, 1, 2.07944),
(449, 'extra', 3, 1, 2.07944),
(450, 'vhosts', 3, 1, 2.07944),
(451, '“??lalu', 3, 1, 2.07944),
(452, '\n\nselanjutnya', 3, 1, 2.07944),
(453, 'mengatur', 3, 1, 1.38629),
(454, 'siapa', 3, 1, 2.07944),
(455, 'sebentar', 3, 1, 2.07944),
(456, 'cara\nklik', 3, 1, 2.07944),
(457, 'http', 3, 1, 0.980829),
(458, '”', 3, 1, 2.07944),
(459, '\n\nscrool', 3, 1, 2.07944),
(460, 'bawah', 3, 1, 0.693147),
(461, 'sampai', 3, 1, 0.693147),
(462, 'tulisan\nerrordocument', 3, 2, 4.15888),
(463, '403', 3, 2, 4.15888),
(464, 'error', 3, 2, 4.15888),
(465, 'xampp_forbidden', 3, 2, 4.15888),
(466, 'html', 3, 2, 4.15888),
(467, 'var??\nselanjutnya', 3, 1, 2.07944),
(468, 'tik', 3, 1, 1.38629),
(469, 'ip', 3, 2, 1.96166),
(470, 'address', 3, 1, 1.38629),
(471, 'sebelum', 3, 1, 0.980829),
(472, 'var??', 3, 1, 2.07944),
(473, '\nagar', 3, 1, 2.07944),
(474, 'localhostnya', 3, 1, 1.38629),
(475, '\nseperti', 3, 1, 2.07944),
(476, '\nallow', 3, 1, 2.07944),
(477, 'from', 3, 4, 8.31777),
(478, '192', 3, 2, 2.77259),
(479, '168', 3, 2, 2.77259),
(480, '1', 3, 2, 0.940007),
(481, '10allow', 3, 1, 2.07944),
(482, '11\nuntuk', 3, 1, 2.07944),
(483, 'lebih', 3, 1, 0.693147),
(484, 'jelasnya', 3, 1, 2.07944),
(485, 'lihat', 3, 1, 1.38629),
(486, 'gambar\n\nuntuk', 3, 1, 2.07944),
(487, 'merubah', 3, 1, 2.07944),
(488, 'semua', 3, 2, 0.940007),
(489, 'computer', 3, 4, 8.31777),
(490, 'mengakses', 3, 1, 0.980829),
(491, 'rubah\n“order', 3, 1, 2.07944),
(492, 'deny', 3, 2, 4.15888),
(493, 'allow', 3, 1, 2.07944),
(494, 'all”??menjadi??“allow', 3, 1, 2.07944),
(495, 'all”', 3, 1, 2.07944),
(496, '\nrestart', 3, 1, 2.07944),
(497, 'anda', 3, 1, 0.470004),
(498, '\ncatatan', 3, 1, 2.07944),
(499, '“pastikan', 3, 1, 2.07944),
(500, 'atur', 3, 1, 2.07944),
(501, 'seperti', 3, 1, 0.133531),
(502, 'tas', 3, 1, 0.980829),
(503, 'berbeda', 3, 1, 0.980829),
(504, 'pastikan', 3, 1, 0.980829),
(505, 'sudah', 3, 1, 0.287682),
(506, 'antara', 3, 1, 1.38629),
(507, '\nuntuk', 3, 1, 1.38629),
(508, 'melihat', 3, 1, 0.693147),
(509, 'cara', 3, 1, 0.287682),
(510, 'meghubungkan', 3, 1, 2.07944),
(511, 'dilihat', 3, 1, 2.07944),
(512, 'postingan', 3, 1, 2.07944),
(513, 'sebelumnya', 3, 1, 1.38629),
(514, 'klik[1]\n\n			\n			\n			li', 3, 1, 2.07944),
(515, 'this', 3, 1, 2.07944),
(516, 'li', 3, 1, 2.07944),
(517, 'loading', 3, 1, 2.07944),
(518, '							references^', 3, 1, 2.07944),
(519, 'wordpress', 3, 1, 2.07944),
(520, 'com', 3, 1, 0.287682),
(521, 'mengubah', 4, 1, 2.07944),
(522, 'akses', 4, 1, 0.693147),
(523, 'localhost', 4, 12, 8.31777),
(524, 'public', 4, 4, 8.31777),
(525, 'menggunakan', 4, 2, 0.940007),
(526, 'ngrok', 4, 10, 20.7944),
(527, 'saya', 4, 3, 6.23832),
(528, 'tahun', 4, 2, 2.77259),
(529, '2009', 4, 1, 2.07944),
(530, 'ingin', 4, 3, 2.07944),
(531, 'sekali', 4, 1, 0.980829),
(532, 'mencoba', 4, 2, 1.38629),
(533, 'mengkases', 4, 3, 6.23832),
(534, 'website', 4, 3, 2.94249),
(535, 'lokal', 4, 2, 4.15888),
(536, 'berada', 4, 2, 0.940007),
(537, 'di', 4, 7, 0),
(538, 'komputer', 4, 2, 1.38629),
(539, 'rumah', 4, 1, 1.38629),
(540, 'terkoneksi', 4, 3, 6.23832),
(541, 'internet', 4, 3, 4.15888),
(542, 'agar', 4, 2, 0.575364),
(543, 'dapat', 4, 6, 0),
(544, 'kses', 4, 2, 4.15888),
(545, 'yaa', 4, 1, 2.07944),
(546, 'semacam', 4, 1, 2.07944),
(547, 'server', 4, 2, 2.77259),
(548, 'tetapi', 4, 3, 4.15888),
(549, 'tujuan', 4, 1, 1.38629),
(550, 'untuk', 4, 6, 0.801188),
(551, 'mengakses', 4, 1, 0.980829),
(552, 'saja', 4, 1, 0.287682),
(553, 'dahulu', 4, 1, 0.470004),
(554, 'bisa', 4, 1, 0.133531),
(555, 'menganti', 4, 2, 4.15888),
(556, 'jalur', 4, 1, 0.980829),
(557, 'koneksi', 4, 2, 4.15888),
(558, 'dynamic', 4, 1, 2.07944),
(559, 'static', 4, 1, 2.07944),
(560, 'harga', 4, 1, 2.07944),
(561, 'ip', 4, 1, 0.980829),
(562, 'masih', 4, 1, 0.693147),
(563, 'mahal', 4, 1, 0.980829),
(564, 'lalu', 4, 1, 0.693147),
(565, 'ada', 4, 2, 0.267063),
(566, 'pakai', 4, 1, 2.07944),
(567, 'model', 4, 1, 2.07944),
(568, 'dns', 4, 1, 2.07944),
(569, 'baru', 4, 1, 1.38629),
(570, 'menya', 4, 1, 2.07944),
(571, 'tool', 4, 6, 12.4766),
(572, 'bernama', 4, 1, 1.38629),
(573, 'ternyata', 4, 1, 1.38629),
(574, 'konsepnya', 4, 1, 2.07944),
(575, 'sama', 4, 1, 0.980829),
(576, 'tapi', 4, 1, 1.38629),
(577, 'mudahnya', 4, 1, 1.38629),
(578, 'luar', 4, 1, 2.07944),
(579, 'biasa', 4, 1, 0.980829),
(580, 'sepertinya', 4, 1, 2.07944),
(581, 'framework', 4, 1, 2.07944),
(582, 'php', 4, 1, 1.38629),
(583, 'laravel', 4, 1, 2.07944),
(584, 'pun', 4, 1, 0.470004),
(585, '\nnah', 4, 1, 2.07944),
(586, 'cara', 4, 1, 0.287682),
(587, 'data', 4, 1, 2.07944),
(588, 'kita', 4, 1, 0.470004),
(589, 'dikases', 4, 1, 2.07944),
(590, 'secara', 4, 1, 0.470004),
(591, 'perangkat', 4, 3, 1.41001),
(592, 'lain', 4, 3, 0.863046),
(593, 'seperti', 4, 3, 0.400594),
(594, 'berikut', 4, 3, 1.41001),
(595, 'misal', 4, 2, 4.15888),
(596, 'windows', 4, 1, 1.38629),
(597, '\n\nbuat', 4, 1, 2.07944),
(598, 'akun', 4, 1, 2.07944),
(599, 'membuka', 4, 5, 4.90415),
(600, 'tautan', 4, 2, 4.15888),
(601, '[1]\nakan', 4, 1, 2.07944),
(602, 'tampil', 4, 1, 2.07944),
(603, 'tatacara', 4, 1, 2.07944),
(604, 'langkah', 4, 1, 0.287682),
(605, 'mengaktifkan', 4, 1, 2.07944),
(606, 'ngrok\ndownload', 4, 1, 2.07944),
(607, 'sesuai', 4, 2, 1.38629),
(608, 'sistem', 4, 1, 0.470004),
(609, 'operasi', 4, 1, 1.38629),
(610, 'dimiliki\nekstrak', 4, 1, 2.07944),
(611, 'masukan', 4, 1, 2.07944),
(612, 'dalam', 4, 1, 0.287682),
(613, 'folder', 4, 1, 1.38629),
(614, 'sering', 4, 1, 0.980829),
(615, 'c', 4, 2, 4.15888),
(616, '\nbuka', 4, 1, 0.980829),
(617, 'command', 4, 3, 6.23832),
(618, 'prompt', 4, 3, 6.23832),
(619, 'terminal', 4, 1, 2.07944),
(620, 'karena', 4, 1, 0.470004),
(621, 'jangan', 4, 1, 0.980829),
(622, 'lupa', 4, 2, 2.77259),
(623, 'run', 4, 1, 2.07944),
(624, 'via', 4, 2, 4.15888),
(625, 'admstrator\ninstall', 4, 1, 2.07944),
(626, 'auth', 4, 1, 2.07944),
(627, 'perintah', 4, 2, 4.15888),
(628, 'copy', 4, 1, 2.07944),
(629, 'nomer', 4, 1, 2.07944),
(630, '2', 4, 1, 0.693147),
(631, 'awal', 4, 1, 1.38629),
(632, '\nc', 4, 1, 2.07944),
(633, 'exe', 4, 2, 4.15888),
(634, 'authton', 4, 1, 2.07944),
(635, '4fv5yrctncvhys5a9vpuf_3g41jlku', 4, 1, 2.07944),
(636, 'perintah\nc', 4, 1, 2.07944),
(637, 'http', 4, 4, 3.92332),
(638, '80\n\nmaka', 4, 1, 2.07944),
(639, 'tampilan', 4, 2, 2.77259),
(640, 'akan', 4, 2, 0.575364),
(641, 'berubah', 4, 2, 4.15888),
(642, 'menjadi\njika', 4, 1, 2.07944),
(643, 'melihat', 4, 1, 0.693147),
(644, 'status', 4, 2, 4.15888),
(645, 'ngok', 4, 2, 4.15888),
(646, 'melalui', 4, 1, 1.38629),
(647, 'tas', 4, 2, 1.96166),
(648, 'browser', 4, 1, 1.38629),
(649, 'alamat', 4, 3, 6.23832),
(650, '4040[2]\njangan', 4, 1, 2.07944),
(651, 'aktifkan', 4, 1, 2.07944),
(652, 'anda', 4, 4, 1.88001),
(653, 'misalnya', 4, 1, 1.38629),
(654, 'jika', 4, 1, 0.470004),
(655, 'local', 4, 2, 2.77259),
(656, 'memakai', 4, 3, 6.23832),
(657, 'xampp', 4, 2, 1.38629),
(658, 'jalankan', 4, 1, 2.07944),
(659, 'mengkatifkan', 4, 1, 2.07944),
(660, 'bila', 4, 1, 1.38629),
(661, 'berhasil', 4, 2, 4.15888),
(662, 'tampilkan', 4, 1, 2.07944),
(663, 'saatnya', 4, 1, 2.07944),
(664, '\nsetelah', 4, 1, 1.38629),
(665, 'alamat??http', 4, 1, 2.07944),
(666, '4040[3]??akan', 4, 1, 2.07944),
(667, 'ditahui', 4, 1, 2.07944),
(668, 'io', 4, 1, 2.07944),
(669, '\nsilahkan', 4, 1, 1.38629),
(670, 'coba', 4, 2, 2.77259),
(671, 'dengna', 4, 1, 2.07944),
(672, 'url', 4, 1, 2.07944),
(673, 'gambar', 4, 1, 1.38629),
(674, '\ntara…', 4, 1, 2.07944),
(675, 'tika', 4, 1, 2.07944),
(676, 'handphone', 4, 1, 1.38629),
(677, 'android', 4, 1, 1.38629),
(678, 'pc', 4, 2, 4.15888),
(679, 'dua', 4, 1, 1.38629),
(680, 'duanya', 4, 1, 2.07944),
(681, 'harus', 4, 1, 0.693147),
(682, '\njika', 4, 1, 1.38629),
(683, 'request', 4, 2, 4.15888),
(684, 'maka', 4, 1, 0.470004),
(685, 'tab', 4, 1, 2.07944),
(686, 'diminta', 4, 1, 2.07944),
(687, 'cepat', 4, 1, 2.07944),
(688, 'lambat', 4, 1, 2.07944),
(689, 'tergantung', 4, 1, 0.693147),
(690, 'yaaa…\nselamat', 4, 1, 2.07944),
(691, 'mempresentasikan', 4, 1, 2.07944),
(692, '\n\n\n			\n			post', 4, 1, 2.07944),
(693, 'views', 4, 1, 2.07944),
(694, '\n			5', 4, 1, 2.07944),
(695, '802\n			references^', 4, 1, 2.07944),
(696, 'dashboard', 4, 1, 2.07944),
(697, 'com', 4, 1, 0.287682),
(698, '^', 4, 2, 1.38629),
(699, '4040', 4, 2, 4.15888),
(700, 'cara', 5, 8, 2.30146),
(701, 'menanam', 5, 6, 5.88498),
(702, 'hidroponik', 5, 27, 26.4824),
(703, 'botol', 5, 23, 22.5591),
(704, 'bekas', 5, 13, 12.7508),
(705, '5', 5, 4, 8.31777),
(706, 'tahapan', 5, 1, 1.38629),
(707, '\nberbun', 5, 1, 2.07944),
(708, 'teknik', 5, 1, 1.38629),
(709, 'telah', 5, 4, 2.77259),
(710, 'marak', 5, 1, 2.07944),
(711, 'dilakukan', 5, 2, 1.38629),
(712, 'oleh', 5, 7, 3.29003),
(713, 'banyak', 5, 3, 1.41001),
(714, 'orang', 5, 4, 5.54518),
(715, 'berbagai', 5, 1, 1.38629),
(716, 'penjuru', 5, 1, 2.07944),
(717, 'negeri', 5, 1, 2.07944),
(718, 'termasuk', 5, 3, 6.23832),
(719, 'indonesia', 5, 1, 2.07944),
(720, 'jumlah', 5, 2, 2.77259),
(721, 'petani', 5, 1, 2.07944),
(722, 'sendiri', 5, 8, 7.84663),
(723, 'setiap', 5, 6, 5.88498),
(724, 'tahun', 5, 1, 1.38629),
(725, 'selalu', 5, 2, 4.15888),
(726, 'bertambah', 5, 2, 4.15888),
(727, 'dikarenakan', 5, 2, 4.15888),
(728, 'tahu', 5, 2, 4.15888),
(729, 'potensi', 5, 1, 2.07944),
(730, 'besar', 5, 3, 2.94249),
(731, 'dibalik', 5, 1, 2.07944),
(732, 'pembudidayaan', 5, 1, 2.07944),
(733, 'tanaman', 5, 22, 21.5782),
(734, 'memanfaatkan', 5, 3, 2.07944),
(735, 'lahan', 5, 2, 2.77259),
(736, 'sempit', 5, 1, 2.07944),
(737, '\nhidroponik', 5, 1, 2.07944),
(738, 'bisa', 5, 18, 2.40357),
(739, 'siapapun', 5, 1, 2.07944),
(740, 'awam', 5, 1, 2.07944),
(741, 'dalam', 5, 12, 3.45218),
(742, 'dunia', 5, 1, 1.38629),
(743, 'pertanian', 5, 7, 9.70406),
(744, 'pasalnya', 5, 2, 2.77259),
(745, 'dapat', 5, 2, 0),
(746, 'memilih', 5, 3, 4.15888),
(747, 'metode', 5, 1, 1.38629),
(748, 'bercocok', 5, 3, 4.15888),
(749, 'tanam', 5, 13, 12.7508),
(750, 'sesuai', 5, 1, 0.693147),
(751, 'inginan', 5, 1, 1.38629),
(752, 'ada', 5, 5, 0.667657),
(753, 'sekali', 5, 2, 1.96166),
(754, 'bertanam', 5, 2, 1.96166),
(755, 'selain', 5, 1, 0.980829),
(756, 'paralon[1]', 5, 1, 2.07944),
(757, 'menggunakan', 5, 4, 1.88001),
(758, '\njika', 5, 1, 1.38629),
(759, 'anda', 5, 20, 9.40007),
(760, 'ingin', 5, 2, 1.38629),
(761, 'belajar', 5, 1, 2.07944),
(762, 'di', 5, 12, 0),
(763, 'rumah', 5, 1, 1.38629),
(764, 'maka', 5, 7, 3.29003),
(765, 'mencoba', 5, 1, 0.693147),
(766, 'membuat', 5, 3, 2.07944),
(767, 'berikut', 5, 3, 1.41001),
(768, 'akan', 5, 5, 1.43841),
(769, '??berikan', 5, 1, 2.07944),
(770, 'panduan', 5, 4, 8.31777),
(771, 'mengenai', 5, 1, 0.980829),
(772, 'mudah', 5, 3, 2.07944),
(773, 'untuk', 5, 20, 2.67063),
(774, 'dipraktikkan', 5, 1, 2.07944),
(775, '\n\n#', 5, 2, 4.15888),
(776, 'tahap', 5, 7, 14.5561),
(777, '1', 5, 1, 0.470004),
(778, 'persiapan', 5, 1, 2.07944),
(779, 'alat', 5, 2, 2.77259),
(780, 'bahan\npersiapkan', 5, 1, 2.07944),
(781, 'bahan', 5, 3, 2.94249),
(782, 'maupun', 5, 1, 1.38629),
(783, 'perangkat', 5, 1, 0.470004),
(784, 'dibutuhkan', 5, 1, 1.38629),
(785, 'seperti', 5, 7, 0.93472),
(786, '\n\nbotol', 5, 2, 4.15888),
(787, 'air', 5, 6, 5.88498),
(788, 'mineral', 5, 2, 2.77259),
(789, 'ukuran', 5, 2, 2.77259),
(790, '600', 5, 1, 1.38629),
(791, 'ml', 5, 1, 2.07944),
(792, 'sudah', 5, 15, 4.31523),
(793, 'dibersihkan\ngunting', 5, 1, 2.07944),
(794, 'pisau', 5, 2, 4.15888),
(795, 'cutter', 5, 1, 1.38629),
(796, 'butuhan', 5, 2, 1.96166),
(797, 'memotong\nsumbu', 5, 1, 2.07944),
(798, 'kompor', 5, 3, 4.15888),
(799, 'mengalirkan', 5, 1, 1.38629),
(800, 'nutrisi', 5, 15, 14.7124),
(801, 'jika', 5, 2, 0.940007),
(802, 'barang', 5, 1, 2.07944),
(803, 'sulit', 5, 1, 1.38629),
(804, 'ditemukan', 5, 2, 4.15888),
(805, 'ganti', 5, 1, 2.07944),
(806, 'kain', 5, 4, 5.54518),
(807, 'flanel', 5, 3, 6.23832),
(808, 'wick', 5, 3, 6.23832),
(809, 'system', 5, 3, 6.23832),
(810, '\ngunakan', 5, 1, 2.07944),
(811, 'me', 5, 8, 7.84663),
(812, 'berupa', 5, 4, 5.54518),
(813, 'rockwool[2]', 5, 1, 2.07944),
(814, 'dibeli', 5, 2, 2.77259),
(815, 'toko', 5, 4, 5.54518),
(816, 'secara', 5, 7, 3.29003),
(817, 'online', 5, 4, 5.54518),
(818, 'bibitonline', 5, 16, 33.2711),
(819, 'com', 5, 15, 4.31523),
(820, 'alasan', 5, 1, 2.07944),
(821, 'rockwool[3]', 5, 1, 2.07944),
(822, 'karena', 5, 4, 1.88001),
(823, 'alternatif', 5, 1, 2.07944),
(824, 'mengikat', 5, 1, 2.07944),
(825, 'serta', 5, 1, 0.980829),
(826, 'udara', 5, 1, 1.38629),
(827, 'aerai', 5, 1, 2.07944),
(828, 'sehingga', 5, 2, 2.77259),
(829, 'memberikan', 5, 2, 2.77259),
(830, 'ruang', 5, 1, 2.07944),
(831, 'bagi', 5, 2, 2.77259),
(832, 'akar', 5, 3, 4.15888),
(833, 'tumbuh', 5, 3, 2.94249),
(834, 'menghisap', 5, 1, 2.07944),
(835, 'baik', 5, 2, 1.96166),
(836, '\nbibit', 5, 1, 2.07944),
(837, 'unggul', 5, 2, 4.15888),
(838, 'memberi', 5, 1, 2.07944),
(839, 'hasil', 5, 2, 2.77259),
(840, 'memuaskan\nair', 5, 1, 2.07944),
(841, 'bersih', 5, 2, 4.15888),
(842, 'bukan', 5, 1, 0.693147),
(843, 'bercampur', 5, 1, 2.07944),
(844, 'senyawa', 5, 1, 2.07944),
(845, 'kimia\nnutrisi', 5, 1, 2.07944),
(846, 'ab', 5, 8, 16.6355),
(847, 'mix', 5, 8, 16.6355),
(848, 'lewat', 5, 1, 2.07944),
(849, 'com[4]\n\nsetelah', 5, 1, 2.07944),
(850, 'semua', 5, 4, 1.88001),
(851, 'komponen', 5, 1, 2.07944),
(852, 'berbun', 5, 1, 2.07944),
(853, 'aqua', 5, 1, 2.07944),
(854, 'siap', 5, 6, 5.88498),
(855, 'lanjut', 5, 1, 2.07944),
(856, 'step', 5, 1, 2.07944),
(857, 'berikutnya', 5, 3, 6.23832),
(858, '\n#', 5, 3, 6.23832),
(859, '2', 5, 4, 2.77259),
(860, 'ubah', 5, 1, 2.07944),
(861, 'sarana', 5, 2, 1.96166),
(862, 'hidroponik\n', 5, 1, 2.07944),
(863, 'menjadikan', 5, 1, 1.38629),
(864, 'sebagai', 5, 1, 0.287682),
(865, 'menempatkan', 5, 1, 2.07944),
(866, 'bibit', 5, 3, 4.15888),
(867, 'hendak', 5, 1, 1.38629),
(868, 'dibudidaya', 5, 1, 2.07944),
(869, 'langkah', 5, 3, 0.863046),
(870, 'langkahnya', 5, 1, 1.38629),
(871, '\n\npastikan', 5, 1, 2.07944),
(872, 'masih', 5, 1, 0.693147),
(873, 'tampak', 5, 1, 2.07944),
(874, 'kokoh', 5, 1, 2.07944),
(875, 'tidak', 5, 3, 2.94249),
(876, 'berrut', 5, 1, 2.07944),
(877, 'rut', 5, 1, 2.07944),
(878, 'lecek', 5, 1, 2.07944),
(879, '\nambil', 5, 1, 2.07944),
(880, 'pemotong', 5, 1, 2.07944),
(881, 'disekan', 5, 1, 2.07944),
(882, 'potong', 5, 1, 1.38629),
(883, 'leher', 5, 4, 8.31777),
(884, 'hingga', 5, 3, 2.94249),
(885, 'menjadi', 5, 2, 1.38629),
(886, 'dua', 5, 4, 5.54518),
(887, 'bagian', 5, 7, 6.8658),
(888, 'lihat', 5, 2, 2.77259),
(889, 'gambar', 5, 3, 4.15888),
(890, '\nbuat', 5, 2, 4.15888),
(891, 'lubang', 5, 4, 3.92332),
(892, 'tutup', 5, 4, 5.54518),
(893, 'meter', 5, 1, 2.07944),
(894, 'sekiranya', 5, 1, 2.07944),
(895, 'dimasukkan', 5, 1, 1.38629),
(896, 'sumbu', 5, 5, 6.93147),
(897, 'apabila', 5, 4, 8.31777),
(898, 'buatlah', 5, 1, 2.07944),
(899, 'sisi', 5, 1, 2.07944),
(900, 'berlawanan', 5, 1, 2.07944),
(901, 'dekat', 5, 1, 2.07944),
(902, 'area', 5, 1, 1.38629),
(903, 'penutup', 5, 1, 2.07944),
(904, '\nsetelah', 5, 2, 2.77259),
(905, 'terdapat', 5, 1, 1.38629),
(906, 'celah', 5, 1, 1.38629),
(907, 'masukkan', 5, 2, 1.96166),
(908, 'pun', 5, 3, 1.41001),
(909, 'flanelnya', 5, 1, 2.07944),
(910, '\nlangkah', 5, 1, 2.07944),
(911, 'balik', 5, 1, 2.07944),
(912, 'ba', 5, 1, 2.07944),
(913, 'terbalik', 5, 1, 1.38629),
(914, 'posisi', 5, 1, 0.980829),
(915, 'berada', 5, 1, 0.470004),
(916, 'bawah', 5, 2, 1.38629),
(917, 'sekarang', 5, 2, 4.15888),
(918, 'digunakan', 5, 2, 1.96166),
(919, 'membudidaya', 5, 1, 2.07944),
(920, 'tapi', 5, 1, 1.38629),
(921, 'tunggu', 5, 2, 4.15888),
(922, 'dulu', 5, 1, 2.07944),
(923, 'sebelumnya', 5, 3, 4.15888),
(924, 'harus', 5, 5, 3.46574),
(925, 'menyemai', 5, 2, 4.15888),
(926, 'benih', 5, 14, 29.1122),
(927, 'tanamannya', 5, 1, 1.38629),
(928, 'terlebih', 5, 1, 0.693147),
(929, 'dahulu', 5, 1, 0.470004),
(930, 'terpisah', 5, 2, 4.15888),
(931, '3', 5, 1, 1.38629),
(932, 'semai', 5, 1, 2.07944),
(933, 'benih\nsekan', 5, 1, 2.07944),
(934, 'unggul[5]', 5, 1, 2.07944),
(935, 'siapkan', 5, 1, 1.38629),
(936, 'silakan', 5, 1, 1.38629),
(937, 'ikuti', 5, 2, 1.96166),
(938, '\n\ngunakan', 5, 1, 2.07944),
(939, 'gunting', 5, 1, 2.07944),
(940, 'memotong', 5, 1, 1.38629),
(941, 'motong', 5, 1, 2.07944),
(942, 'rockwool[6]', 5, 1, 2.07944),
(943, 'bentuk', 5, 2, 2.77259),
(944, 'persegi', 5, 2, 4.15888),
(945, 'x', 5, 1, 2.07944),
(946, '\nbasahi', 5, 1, 2.07944),
(947, 'rockwool', 5, 9, 18.715),
(948, 'diciprat', 5, 1, 2.07944),
(949, 'ciprat', 5, 1, 2.07944),
(950, 'jangan', 5, 3, 2.94249),
(951, 'direndam', 5, 1, 2.07944),
(952, 'agar', 5, 2, 0.575364),
(953, 'terlalu', 5, 2, 1.96166),
(954, 'lembab', 5, 1, 2.07944),
(955, 'dikira', 5, 1, 2.07944),
(956, 'kira', 5, 1, 2.07944),
(957, '\ntempatkan', 5, 1, 2.07944),
(958, 'wadah', 5, 5, 6.93147),
(959, 'tampung', 5, 1, 2.07944),
(960, 'nampan[7]', 5, 1, 2.07944),
(961, 'cetakan', 5, 1, 2.07944),
(962, 'es', 5, 1, 2.07944),
(963, 'batu', 5, 1, 1.38629),
(964, 'serupa', 5, 1, 2.07944),
(965, 'lainnya', 5, 2, 0.940007),
(966, 'tengah', 5, 1, 1.38629),
(967, 'lidi', 5, 1, 2.07944),
(968, 'tusuk', 5, 1, 2.07944),
(969, 'gigi', 5, 1, 2.07944),
(970, 'dalaman', 5, 1, 2.07944),
(971, 'sekitar', 5, 2, 4.15888),
(972, 'mm', 5, 1, 2.07944),
(973, '\nberikutnya', 5, 1, 2.07944),
(974, 'tanaman[8]', 5, 1, 2.07944),
(975, 'dibuat', 5, 2, 4.15888),
(976, 'atas', 5, 1, 0.980829),
(977, 'sampai', 5, 5, 3.46574),
(978, 'semuanya', 5, 1, 2.07944),
(979, 'terisi', 5, 1, 2.07944),
(980, 'potongan', 5, 1, 2.07944),
(981, 'berisikan', 5, 1, 2.07944),
(982, 'kantong', 5, 1, 2.07944),
(983, 'plastik', 5, 2, 1.96166),
(984, 'hitam', 5, 2, 4.15888),
(985, 'letakkan', 5, 1, 2.07944),
(986, 'tempat', 5, 3, 2.94249),
(987, 'teduh', 5, 1, 2.07944),
(988, 'gelap', 5, 1, 2.07944),
(989, 'jauhkan', 5, 1, 2.07944),
(990, 'matahari', 5, 5, 4.90415),
(991, '\npantau', 5, 1, 2.07944),
(992, 'permbangan', 5, 1, 1.38629),
(993, 'hari', 5, 2, 2.77259),
(994, 'pecah', 5, 1, 2.07944),
(995, 'tanya', 5, 1, 2.07944),
(996, 'muncul', 5, 1, 1.38629),
(997, 'calon', 5, 3, 6.23832),
(998, 'warna', 5, 1, 2.07944),
(999, 'putih', 5, 2, 4.15888),
(1000, 'menyembul', 5, 1, 2.07944),
(1001, 'pula', 5, 2, 4.15888),
(1002, 'daunnya', 5, 1, 2.07944),
(1003, '\napabila', 5, 1, 2.07944),
(1004, 'bercambah', 5, 2, 4.15888),
(1005, 'berakar', 5, 1, 2.07944),
(1006, 'pindahkan', 5, 3, 6.23832),
(1007, 'terna', 5, 1, 1.38629),
(1008, 'sinar', 5, 3, 2.94249),
(1009, 'jemur', 5, 1, 2.07944),
(1010, 'pagi', 5, 1, 1.38629),
(1011, 'siang', 5, 1, 2.07944),
(1012, 'panas', 5, 1, 2.07944),
(1013, 'terik', 5, 1, 2.07944),
(1014, 'mbali', 5, 2, 4.15888),
(1015, 'bercahaya', 5, 1, 2.07944),
(1016, 'tanpa', 5, 2, 1.96166),
(1017, 'perlu', 5, 3, 2.07944),
(1018, 'dtup', 5, 1, 2.07944),
(1019, 'lagi', 5, 2, 1.96166),
(1020, '\ndalam', 5, 1, 2.07944),
(1021, 'penyemaian', 5, 1, 2.07944),
(1022, 'terus', 5, 1, 2.07944),
(1023, 'mengenalkan', 5, 1, 2.07944),
(1024, '\npastikan', 5, 1, 2.07944),
(1025, 'basah', 5, 1, 2.07944),
(1026, 'ring', 5, 1, 1.38629),
(1027, 'disemprotkan', 5, 1, 2.07944),
(1028, '\nterus', 5, 1, 2.07944),
(1029, 'lakukan', 5, 1, 2.07944),
(1030, 'penyiraman', 5, 1, 1.38629),
(1031, 'pemberian', 5, 1, 2.07944),
(1032, 'rutin', 5, 2, 4.15888),
(1033, 'berdaun', 5, 1, 2.07944),
(1034, '4', 5, 2, 1.96166),
(1035, 'daun', 5, 3, 2.94249),
(1036, 'sejati', 5, 1, 2.07944),
(1037, 'mengindikasikan', 5, 1, 2.07944),
(1038, 'dipindah', 5, 1, 2.07944),
(1039, 'diberikan', 5, 1, 2.07944),
(1040, 'pembuatan', 5, 2, 4.15888),
(1041, 'hidroponik\nseperti', 5, 1, 2.07944),
(1042, 'diterangkan', 5, 1, 2.07944),
(1043, 'buat', 5, 1, 1.38629),
(1044, 'membeli', 5, 2, 2.77259),
(1045, 'pupuk', 5, 1, 0.980829),
(1046, 'sendiri[9]', 5, 1, 2.07944),
(1047, '\ntanaman', 5, 1, 2.07944),
(1048, 'memerlukan', 5, 1, 1.38629),
(1049, 'pertumbuhannya', 5, 1, 2.07944),
(1050, 'ternal', 5, 1, 2.07944),
(1051, 'tanah', 5, 1, 0.980829),
(1052, 'unsur', 5, 1, 1.38629),
(1053, 'vital', 5, 1, 2.07944),
(1054, 'terpenuhi', 5, 1, 2.07944),
(1055, 'menginginkan', 5, 1, 2.07944),
(1056, 'bagus', 5, 1, 1.38629),
(1057, '\nnutrisi', 5, 1, 2.07944),
(1058, 'dijumpai', 5, 1, 2.07944),
(1059, 'berbentuk', 5, 2, 4.15888),
(1060, 'bubuk', 5, 2, 4.15888),
(1061, 'larutan', 5, 4, 5.54518),
(1062, 'cair', 5, 3, 4.15888),
(1063, 'meracik', 5, 1, 2.07944),
(1064, 'beli', 5, 1, 2.07944),
(1065, 'melarutkannya', 5, 1, 2.07944),
(1066, 'umumnya', 5, 1, 1.38629),
(1067, 'terlampir', 5, 1, 2.07944),
(1068, 'secarik', 5, 1, 2.07944),
(1069, 'rtas', 5, 1, 2.07944),
(1070, '\nuntuk', 5, 1, 1.38629),
(1071, 'beberapa', 5, 2, 1.38629),
(1072, 'jenis', 5, 2, 1.96166),
(1073, 'menanyakan', 5, 1, 2.07944),
(1074, 'langsung', 5, 1, 0.287682),
(1075, 'penjual', 5, 1, 2.07944),
(1076, 'sayuran', 5, 2, 2.77259),
(1077, 'segkan', 5, 1, 2.07944),
(1078, 'buah', 5, 2, 2.77259),
(1079, 'khusus', 5, 1, 1.38629),
(1080, 'pertumbuhan', 5, 1, 0.980829),
(1081, 'terdiri', 5, 1, 1.38629),
(1082, 'nantinya', 5, 1, 0.693147),
(1083, 'dicampur', 5, 1, 1.38629),
(1084, 'klik', 5, 6, 5.88498),
(1085, 'dis[10]', 5, 1, 2.07944),
(1086, 'melihat', 5, 2, 1.38629),
(1087, 'aneka', 5, 3, 6.23832),
(1088, 'produk', 5, 2, 4.15888),
(1089, 'jual', 5, 2, 4.15888),
(1090, 'pindah', 5, 2, 4.15888),
(1091, 'tanam\n', 5, 1, 2.07944),
(1092, 'momen', 5, 1, 2.07944),
(1093, 'paling', 5, 1, 1.38629),
(1094, 'dnggu', 5, 1, 2.07944),
(1095, 'pelaku', 5, 1, 2.07944),
(1096, 'dipanen', 5, 1, 2.07944),
(1097, 'dikonsumsi', 5, 1, 2.07944),
(1098, 'dijual', 5, 1, 2.07944),
(1099, 'menambah', 5, 1, 2.07944),
(1100, 'pundi', 5, 2, 4.15888),
(1101, 'penghasilan', 5, 1, 2.07944),
(1102, '\nproses', 5, 1, 2.07944),
(1103, 'cukup', 5, 2, 1.38629),
(1104, 'sederhana', 5, 1, 2.07944),
(1105, 'hanya', 5, 2, 0.940007),
(1106, 'menyiapkan', 5, 1, 1.38629),
(1107, 'tuangkan', 5, 1, 2.07944),
(1108, 'secukupnya', 5, 1, 2.07944),
(1109, 'mun', 5, 2, 1.38629),
(1110, 'ambil', 5, 1, 1.38629),
(1111, 'dmbuhi', 5, 1, 2.07944),
(1112, 'cambah', 5, 1, 2.07944),
(1113, 'hati', 5, 2, 2.77259),
(1114, 'dalamnya', 5, 1, 1.38629),
(1115, 'lupa', 5, 1, 1.38629),
(1116, 'jalur', 5, 1, 0.980829),
(1117, 'nutrisinya', 5, 2, 4.15888),
(1118, 'gabungkan', 5, 1, 2.07944),
(1119, '\nsekarang', 5, 1, 2.07944),
(1120, 'melakukan', 5, 1, 0.980829),
(1121, 'perawatan', 5, 1, 1.38629),
(1122, 'intensif', 5, 1, 2.07944),
(1123, 'terhadap', 5, 1, 2.07944),
(1124, 'tugas', 5, 1, 2.07944),
(1125, 'hanyalah', 5, 1, 2.07944),
(1126, 'memastikan', 5, 1, 0.980829),
(1127, 'tetap', 5, 1, 2.07944),
(1128, 'biarkan', 5, 1, 2.07944),
(1129, 'menyerap', 5, 1, 2.07944),
(1130, 'waktu', 5, 1, 2.07944),
(1131, 'lama', 5, 1, 2.07944),
(1132, 'menimbulkan', 5, 1, 2.07944),
(1133, 'risiko', 5, 1, 2.07944),
(1134, 'gagal', 5, 1, 2.07944),
(1135, 'panen', 5, 2, 4.15888),
(1136, 'mati', 5, 1, 1.38629),
(1137, '\n', 5, 1, 0.980829),
(1138, 'tahui', 5, 1, 1.38629),
(1139, 'semakin', 5, 1, 2.07944),
(1140, 'ikut', 5, 1, 2.07944),
(1141, 'setidaknya', 5, 1, 2.07944),
(1142, 'seminggu', 5, 1, 2.07944),
(1143, 'ditambah', 5, 1, 2.07944),
(1144, 'porsi', 5, 1, 2.07944),
(1145, 'ditambahkan', 5, 1, 2.07944),
(1146, 'seterusnya', 5, 1, 2.07944),
(1147, '\nlah', 5, 1, 2.07944),
(1148, 'sistem', 5, 5, 2.35002),
(1149, 'belum', 5, 1, 2.07944),
(1150, 'sebetulnya', 5, 1, 2.07944),
(1151, 'satu', 5, 1, 0.693147),
(1152, 'hidroponik[11]', 5, 1, 2.07944),
(1153, 'lain', 5, 1, 0.287682),
(1154, 'fertigasi', 5, 1, 2.07944),
(1155, 'rakit', 5, 1, 2.07944),
(1156, 'apung', 5, 1, 2.07944),
(1157, 'nft', 5, 1, 2.07944),
(1158, 'dutch', 5, 1, 2.07944),
(1159, 'buct', 5, 1, 2.07944),
(1160, 'merupakan', 5, 1, 0.693147),
(1161, 'diterapkan', 5, 1, 0.980829),
(1162, 'pemula', 5, 1, 1.38629),
(1163, 'sekalipun', 5, 1, 2.07944),
(1164, '\nsilahkan', 5, 1, 1.38629),
(1165, 'dis[12]', 5, 1, 2.07944),
(1166, 'perlengkapan', 5, 1, 2.07944),
(1167, 'dis[13]', 5, 1, 2.07944),
(1168, '\n\nreferences^', 5, 1, 2.07944),
(1169, 'paralon', 5, 1, 2.07944),
(1170, '^', 5, 12, 8.31777),
(1171, 'nampan', 5, 1, 2.07944),
(1172, 'dis', 5, 3, 6.23832),
(1173, 'tutorial', 6, 1, 1.38629),
(1174, 'cara', 6, 9, 2.58914),
(1175, 'bertanam', 6, 6, 5.88498),
(1176, 'hidroponik', 6, 30, 29.4249),
(1177, 'botol', 6, 16, 15.6933),
(1178, 'bekas', 6, 9, 8.82746),
(1179, 'merupakan', 6, 2, 1.38629),
(1180, 'istilah', 6, 1, 2.07944),
(1181, 'pertanian', 6, 1, 1.38629),
(1182, 'mulai', 6, 2, 2.77259),
(1183, 'populer', 6, 1, 2.07944),
(1184, 'belakangan', 6, 1, 2.07944),
(1185, 'saat', 6, 1, 0.980829),
(1186, 'banyak', 6, 2, 0.940007),
(1187, 'orang', 6, 3, 4.15888),
(1188, 'menjadikan', 6, 2, 2.77259),
(1189, 'sebagai', 6, 6, 1.72609),
(1190, 'hobi', 6, 2, 4.15888),
(1191, 'untuk', 6, 21, 2.80416),
(1192, 'mengisi', 6, 2, 2.77259),
(1193, 'kosongan[1]', 6, 1, 2.07944),
(1194, 'sendiri', 6, 3, 2.94249),
(1195, 'teknik', 6, 12, 16.6355),
(1196, 'menanam', 6, 9, 8.82746),
(1197, 'memanfaatkan', 6, 1, 0.693147),
(1198, 'air', 6, 17, 16.6741),
(1199, 'pengganti', 6, 1, 1.38629),
(1200, 'me', 6, 12, 11.77),
(1201, 'tanah', 6, 5, 4.90415),
(1202, 'digunakan', 6, 8, 7.84663),
(1203, 'memenuhi', 6, 1, 2.07944),
(1204, 'butuhan', 6, 1, 0.980829),
(1205, 'nutrisi', 6, 10, 9.80829),
(1206, 'tanaman', 6, 18, 17.6549),
(1207, 'meskipun', 6, 1, 2.07944),
(1208, 'hidroponik[2]', 6, 1, 1.38629),
(1209, 'mengandalkan', 6, 1, 2.07944),
(1210, 'tetapi', 6, 4, 5.54518),
(1211, 'jumlah', 6, 3, 4.15888),
(1212, 'dibutuhkan', 6, 2, 2.77259),
(1213, 'lebih', 6, 6, 4.15888),
(1214, 'sedikit', 6, 1, 1.38629),
(1215, 'dibanding', 6, 1, 2.07944),
(1216, 'bercocok', 6, 2, 2.77259),
(1217, 'tanam', 6, 8, 7.84663),
(1218, 'oleh', 6, 1, 0.470004),
(1219, 'karena', 6, 6, 2.82002),
(1220, 'sering', 6, 1, 0.980829),
(1221, 'tumbuhan', 6, 3, 6.23832),
(1222, 'di', 6, 11, 0),
(1223, 'daerah', 6, 1, 2.07944),
(1224, 'pasokan', 6, 1, 2.07944),
(1225, 'airnya', 6, 1, 1.38629),
(1226, 'tidak', 6, 10, 9.80829),
(1227, 'terlalu', 6, 1, 0.980829),
(1228, 'anda', 6, 15, 7.05005),
(1229, 'pun', 6, 1, 0.470004),
(1230, 'bisa', 6, 9, 1.20178),
(1231, 'menggunakan', 6, 7, 3.29003),
(1232, 'menghemat', 6, 2, 4.15888),
(1233, 'pemakaian', 6, 1, 2.07944),
(1234, 'nah', 6, 1, 0.980829),
(1235, 'kali', 6, 1, 0.980829),
(1236, 'bacaterus[3]', 6, 1, 2.07944),
(1237, 'akan', 6, 7, 2.01377),
(1238, 'membagikan', 6, 2, 2.77259),
(1239, 'menggunaan', 6, 1, 2.07944),
(1240, 'sarana', 6, 2, 1.96166),
(1241, 'tanamannya', 6, 1, 1.38629),
(1242, 'unggulan', 6, 1, 2.07944),
(1243, 'biayanya', 6, 2, 4.15888),
(1244, 'cukup', 6, 3, 2.07944),
(1245, 'terjangkau', 6, 1, 2.07944),
(1246, 'prosesnya', 6, 1, 2.07944),
(1247, 'sangat', 6, 1, 1.38629),
(1248, 'mudah', 6, 3, 2.07944),
(1249, 'ya', 6, 1, 1.38629),
(1250, 'selain', 6, 3, 2.94249),
(1251, 'dapat', 6, 4, 0),
(1252, 'membuat', 6, 8, 5.54518),
(1253, 'vas', 6, 2, 4.15888),
(1254, 'bunga[4]', 6, 1, 2.07944),
(1255, 'kita', 6, 3, 1.41001),
(1256, 'manfaatkan', 6, 1, 2.07944),
(1257, 'pot', 6, 1, 1.38629),
(1258, 'biaya', 6, 2, 4.15888),
(1259, 'secara', 6, 4, 1.88001),
(1260, 'langsung', 6, 1, 0.287682),
(1261, 'telah', 6, 1, 0.693147),
(1262, 'menjaga', 6, 1, 2.07944),
(1263, 'lingkungan', 6, 1, 1.38629),
(1264, 'limbah[5]', 6, 1, 2.07944),
(1265, 'plastik', 6, 3, 2.94249),
(1266, 'berbahaya', 6, 1, 2.07944),
(1267, 'sebelum', 6, 1, 0.980829),
(1268, 'membuatnya', 6, 1, 1.38629),
(1269, 'mari', 6, 2, 4.15888),
(1270, 'siapkan', 6, 1, 1.38629),
(1271, 'alat', 6, 3, 4.15888),
(1272, 'bahan', 6, 4, 3.92332),
(1273, 'berikut', 6, 4, 1.88001),
(1274, 'guntingbotol', 6, 1, 2.07944),
(1275, 'mineral[6]', 6, 1, 2.07944),
(1276, 'berukuran', 6, 1, 1.38629),
(1277, '600', 6, 1, 1.38629),
(1278, 'mlsumbu', 6, 1, 2.07944),
(1279, 'kompor[7]', 6, 1, 2.07944),
(1280, 'jika', 6, 5, 2.35002),
(1281, 'ada', 6, 2, 0.267063),
(1282, 'kain', 6, 1, 1.38629),
(1283, 'terpakai', 6, 1, 2.07944),
(1284, 'spon', 6, 2, 4.15888),
(1285, 'sekam', 6, 2, 2.77259),
(1286, 'bakar', 6, 2, 4.15888),
(1287, 'pecahan', 6, 2, 4.15888),
(1288, 'bata', 6, 1, 2.07944),
(1289, 'merah', 6, 2, 4.15888),
(1290, 'nantinya', 6, 3, 2.07944),
(1291, 'menanambibit', 6, 1, 2.07944),
(1292, 'tanamansetelah', 6, 1, 2.07944),
(1293, 'semua', 6, 4, 1.88001),
(1294, 'alatnya', 6, 1, 2.07944),
(1295, 'terkumpul', 6, 1, 2.07944),
(1296, 'silahkan', 6, 1, 1.38629),
(1297, 'ikuti', 6, 1, 0.980829),
(1298, 'langkah', 6, 4, 1.15073),
(1299, 'potong', 6, 2, 2.77259),
(1300, 'menjadi', 6, 2, 1.38629),
(1301, '2', 6, 1, 0.693147),
(1302, 'bagian', 6, 5, 4.90415),
(1303, 'yakni', 6, 1, 2.07944),
(1304, 'tengah', 6, 2, 2.77259),
(1305, 'botollubangi', 6, 1, 2.07944),
(1306, 'tutup', 6, 3, 4.15888),
(1307, 'membentuk', 6, 1, 2.07944),
(1308, 'celah', 6, 1, 1.38629),
(1309, 'jalur', 6, 1, 0.980829),
(1310, 'sumbumasukkan', 6, 1, 2.07944),
(1311, 'sumbu', 6, 3, 4.15888),
(1312, 'dalam', 6, 9, 2.58914),
(1313, 'lubang', 6, 1, 0.980829),
(1314, 'botollanjutkan', 6, 1, 2.07944),
(1315, 'memasukkan', 6, 1, 2.07944),
(1316, 'atas', 6, 3, 2.94249),
(1317, 'sudah', 6, 8, 2.30146),
(1318, 'dipasangi', 6, 1, 2.07944),
(1319, 'bawah', 6, 4, 2.77259),
(1320, 'terbalik', 6, 1, 1.38629),
(1321, 'posisi', 6, 1, 0.980829),
(1322, 'berada', 6, 1, 0.470004),
(1323, 'masukkan', 6, 2, 1.96166),
(1324, 'berupa', 6, 1, 1.38629),
(1325, 'batu', 6, 1, 1.38629),
(1326, 'gunakan', 6, 1, 1.38629),
(1327, 'apa', 6, 2, 2.77259),
(1328, 'saja', 6, 2, 0.575364),
(1329, 'diperoleh', 6, 2, 4.15888),
(1330, 'hanya', 6, 2, 0.940007),
(1331, 'berfungsi', 6, 1, 2.07944),
(1332, 'pijakan', 6, 1, 2.07944),
(1333, 'agar', 6, 1, 0.287682),
(1334, 'layutanam', 6, 1, 2.07944),
(1335, 'bibit', 6, 1, 1.38629),
(1336, 'taburkan', 6, 1, 2.07944),
(1337, 'biji', 6, 1, 2.07944),
(1338, 'andamun', 6, 1, 2.07944),
(1339, 'cairan', 6, 6, 12.4766),
(1340, 'botolletakkan', 6, 1, 2.07944),
(1341, 'tempat', 6, 1, 0.980829),
(1342, 'terna', 6, 1, 1.38629),
(1343, 'hujan', 6, 2, 4.15888),
(1344, 'memperoleh', 6, 2, 4.15888),
(1345, 'sinar', 6, 1, 0.980829),
(1346, 'matahari', 6, 1, 0.980829),
(1347, 'cukupsumbu', 6, 1, 2.07944),
(1348, 'dipasang', 6, 1, 2.07944),
(1349, 'mengalirkan', 6, 1, 1.38629),
(1350, 'lantas', 6, 1, 2.07944),
(1351, 'mana', 6, 1, 0.980829),
(1352, 'dibeli', 6, 2, 2.77259),
(1353, 'beberapa', 6, 4, 2.77259),
(1354, 'toko', 6, 1, 1.38629),
(1355, 'terdekat', 6, 1, 2.07944),
(1356, 'hidroponiknah', 6, 1, 2.07944),
(1357, 'bacaterus[8]', 6, 1, 2.07944),
(1358, 'informasi', 6, 1, 1.38629),
(1359, 'mengenai', 6, 1, 0.980829),
(1360, 'larutan', 6, 2, 2.77259),
(1361, 'menutrisi', 6, 1, 2.07944),
(1362, 'pertama', 6, 1, 0.980829),
(1363, 'cobalah', 6, 1, 2.07944),
(1364, 'mengumpulkan', 6, 1, 2.07944),
(1365, 'diperlukan', 6, 1, 2.07944),
(1366, 'pupuk', 6, 8, 7.84663),
(1367, 'urea', 6, 1, 2.07944),
(1368, '1', 6, 3, 1.41001),
(1369, 'kgpupuk', 6, 3, 6.23832),
(1370, 'kcl', 6, 1, 2.07944),
(1371, 'npk', 6, 1, 2.07944),
(1372, 'daun', 6, 1, 0.980829),
(1373, 'gandasil', 6, 1, 2.07944),
(1374, '50', 6, 1, 2.07944),
(1375, 'gramember', 6, 1, 2.07944),
(1376, 'volume', 6, 3, 6.23832),
(1377, '20', 6, 2, 4.15888),
(1378, 'ltdrum', 6, 1, 2.07944),
(1379, '100', 6, 2, 4.15888),
(1380, 'lttimbangan', 6, 1, 2.07944),
(1381, 'digitalspatula', 6, 1, 2.07944),
(1382, 'raksasa', 6, 1, 2.07944),
(1383, 'tongkat', 6, 2, 4.15888),
(1384, 'mengadukair', 6, 1, 2.07944),
(1385, 'sumur', 6, 3, 6.23832),
(1386, 'sungai', 6, 3, 6.23832),
(1387, 'hin', 6, 1, 2.07944),
(1388, 'penggunaan', 6, 3, 6.23832),
(1389, 'pam', 6, 1, 2.07944),
(1390, 'cuali', 6, 1, 2.07944),
(1391, 'diendapkan', 6, 1, 2.07944),
(1392, 'selama', 6, 1, 2.07944),
(1393, '7', 6, 1, 1.38629),
(1394, '10', 6, 1, 1.38629),
(1395, 'hari', 6, 2, 2.77259),
(1396, 'lengkap', 6, 2, 4.15888),
(1397, 'mengikuti', 6, 1, 2.07944),
(1398, 'timbang', 6, 1, 2.07944),
(1399, 'lagi', 6, 2, 1.96166),
(1400, 'timbangan', 6, 1, 2.07944),
(1401, 'digital', 6, 1, 2.07944),
(1402, 'pastikan', 6, 1, 0.980829),
(1403, 'jumlahnya', 6, 1, 2.07944),
(1404, 'sesuai', 6, 1, 0.693147),
(1405, 'dibutuhkanmasukkan', 6, 1, 2.07944),
(1406, 'embertuangkan', 6, 1, 2.07944),
(1407, 'liter', 6, 1, 1.38629),
(1408, 'ember', 6, 1, 2.07944),
(1409, 'berisi', 6, 1, 2.07944),
(1410, 'mun', 6, 1, 0.693147),
(1411, 'aduk', 6, 2, 4.15888),
(1412, 'spatula', 6, 1, 2.07944),
(1413, 'sampai', 6, 2, 1.38629),
(1414, 'larut', 6, 1, 2.07944),
(1415, 'airpindahkan', 6, 1, 2.07944),
(1416, 'campuran', 6, 1, 1.38629),
(1417, 'drum', 6, 2, 4.15888),
(1418, 'plastiktambahkan', 6, 1, 2.07944),
(1419, 'sembari', 6, 1, 2.07944),
(1420, 'duk', 6, 1, 2.07944),
(1421, 'mencapai', 6, 1, 2.07944),
(1422, 'litersetelah', 6, 1, 2.07944),
(1423, 'memastikan', 6, 1, 0.980829),
(1424, 'bahwa', 6, 1, 1.38629),
(1425, 'endapan', 6, 1, 2.07944),
(1426, 'maka', 6, 4, 1.88001),
(1427, 'siap', 6, 1, 0.980829),
(1428, 'digunakanjenis', 6, 1, 2.07944),
(1429, 'hidroponiksecara', 6, 1, 2.07944),
(1430, 'umum', 6, 1, 1.38629),
(1431, 'berbagai', 6, 1, 1.38629),
(1432, 'jenis', 6, 3, 2.94249),
(1433, 'namun', 6, 2, 1.96166),
(1434, 'terdapat', 6, 1, 1.38629),
(1435, 'tumbuh', 6, 1, 0.980829),
(1436, 'baik', 6, 2, 1.96166),
(1437, 'sistem', 6, 4, 1.88001),
(1438, 'dibandingkan', 6, 1, 2.07944),
(1439, 'lainnya', 6, 1, 0.470004),
(1440, 'hidroponik[9]', 6, 1, 2.07944),
(1441, 'lebihan', 6, 4, 8.31777),
(1442, 'kurangan', 6, 3, 6.23832),
(1443, 'hidroponikdi', 6, 1, 2.07944),
(1444, 'maraknya', 6, 1, 2.07944),
(1445, 'beralih', 6, 1, 2.07944),
(1446, 'hidroponik[10]', 6, 1, 2.07944),
(1447, 'ternyata', 6, 1, 1.38629),
(1448, 'menyimpan', 6, 1, 1.38629),
(1449, 'lahan', 6, 1, 1.38629),
(1450, 'hemat', 6, 1, 2.07944),
(1451, 'membutuhkan', 6, 1, 1.38629),
(1452, 'luasnya', 6, 1, 2.07944),
(1453, 'berhektar', 6, 1, 2.07944),
(1454, 'hektar', 6, 1, 2.07944),
(1455, 'apalagi', 6, 1, 2.07944),
(1456, 'menyusun', 6, 2, 4.15888),
(1457, 'bertingkat', 6, 1, 1.38629),
(1458, 'efisien', 6, 1, 2.07944),
(1459, 'perlu', 6, 3, 2.07944),
(1460, 'menyirami', 6, 1, 1.38629),
(1461, 'pagi', 6, 1, 1.38629),
(1462, 'sore', 6, 1, 2.07944),
(1463, 'seperti', 6, 1, 0.133531),
(1464, 'biasa', 6, 1, 0.980829),
(1465, 'dilakukan', 6, 1, 0.693147),
(1466, 'ditanam', 6, 2, 2.77259),
(1467, 'pertumbuhan', 6, 1, 0.980829),
(1468, 'cepatkualitas', 6, 1, 2.07944),
(1469, 'dihasilkan', 6, 1, 2.07944),
(1470, 'sehat', 6, 1, 2.07944),
(1471, 'pestisida', 6, 1, 2.07944),
(1472, 'kimia', 6, 1, 2.07944),
(1473, 'lainnyamm', 6, 1, 2.07944),
(1474, 'hama', 6, 2, 4.15888),
(1475, 'penyakit', 6, 2, 4.15888),
(1476, 'umumnya', 6, 1, 1.38629),
(1477, 'berasal', 6, 1, 2.07944),
(1478, 'bertanamtidak', 6, 1, 2.07944),
(1479, 'tergantung', 6, 1, 0.693147),
(1480, 'kondisi', 6, 1, 2.07944),
(1481, 'cuaca', 6, 1, 2.07944),
(1482, 'terlindung', 6, 1, 2.07944),
(1483, 'sajakurangan', 6, 1, 2.07944),
(1484, 'mahal', 6, 1, 0.980829),
(1485, 'ingin', 6, 1, 0.693147),
(1486, 'membeli', 6, 2, 2.77259),
(1487, 'perangkat', 6, 3, 1.41001),
(1488, 'budget', 6, 1, 2.07944),
(1489, 'luarkan', 6, 2, 4.15888),
(1490, 'tidaklah', 6, 1, 2.07944),
(1491, 'sedikitmembutuhkan', 6, 1, 2.07944),
(1492, 'telitian', 6, 1, 2.07944),
(1493, 'serta', 6, 1, 0.980829),
(1494, 'hidroponiksalahan', 6, 1, 2.07944),
(1495, 'menyebabkan', 6, 1, 2.07944),
(1496, 'seluruh', 6, 1, 2.07944),
(1497, 'matinah', 6, 1, 2.07944),
(1498, 'apakah', 6, 1, 2.07944),
(1499, 'tertarik', 6, 1, 2.07944),
(1500, 'mencoba', 6, 2, 1.38629),
(1501, 'bagi', 6, 1, 1.38629),
(1502, 'pemula', 6, 1, 1.38629),
(1503, 'sebaiknya', 6, 1, 2.07944),
(1504, 'terlebih', 6, 1, 0.693147),
(1505, 'dahulu', 6, 1, 0.470004),
(1506, 'murah', 6, 1, 2.07944),
(1507, 'pembuatannya', 6, 1, 2.07944),
(1508, 'tergolong', 6, 1, 2.07944),
(1509, 'bila', 6, 1, 1.38629),
(1510, 'yakin', 6, 1, 2.07944),
(1511, 'mantap', 6, 1, 2.07944),
(1512, 'investasi', 6, 1, 2.07944),
(1513, 'awal', 6, 1, 1.38629),
(1514, 'memang', 6, 1, 1.38629),
(1515, 'besar', 6, 1, 0.980829),
(1516, 'sukses', 6, 1, 1.38629),
(1517, 'hasil', 6, 1, 1.38629),
(1518, 'sepa', 6, 1, 2.07944),
(1519, 'a', 6, 1, 2.07944),
(1520, 'references^', 6, 1, 1.38629),
(1521, 'kosongan', 6, 1, 2.07944),
(1522, 'bacaterus', 6, 11, 22.8739),
(1523, 'com', 6, 9, 2.58914),
(1524, '^', 6, 9, 6.23832),
(1525, 'id', 6, 1, 2.07944),
(1526, 'wikipe', 6, 1, 2.07944),
(1527, 'org', 6, 1, 2.07944),
(1528, 'bunga', 6, 1, 1.38629),
(1529, 'limbah', 6, 1, 2.07944),
(1530, 'mineral', 6, 1, 1.38629),
(1531, 'kompor', 6, 1, 1.38629),
(1532, '8', 7, 2, 4.15888),
(1533, 'cara', 7, 30, 8.63046),
(1534, 'menanam', 7, 32, 31.3865),
(1535, 'hidroponik', 7, 18, 17.6549),
(1536, 'botol', 7, 35, 34.329),
(1537, 'bekas', 7, 11, 10.7891),
(1538, 'salam', 7, 2, 4.15888),
(1539, 'budidaya', 7, 5, 10.3972),
(1540, 'sempatan', 7, 1, 1.38629),
(1541, 'kali', 7, 1, 0.980829),
(1542, 'akan', 7, 10, 2.87682),
(1543, 'memberikan', 7, 4, 5.54518),
(1544, 'informasi', 7, 1, 1.38629),
(1545, 'bagaimana', 7, 1, 1.38629),
(1546, 'menanam??', 7, 1, 2.07944),
(1547, 'kita', 7, 26, 12.2201),
(1548, 'semua', 7, 1, 0.470004),
(1549, 'pasti', 7, 2, 2.77259),
(1550, 'sering', 7, 2, 1.96166),
(1551, 'melihat', 7, 1, 0.693147),
(1552, 'merasakan', 7, 1, 2.07944),
(1553, 'langsung', 7, 2, 0.575364),
(1554, 'masalah', 7, 1, 2.07944),
(1555, 'sampah', 7, 4, 8.31777),
(1556, 'plastik', 7, 8, 7.84663),
(1557, 'dibuang', 7, 1, 2.07944),
(1558, 'sembarangan', 7, 1, 2.07944),
(1559, 'disekitar', 7, 1, 2.07944),
(1560, 'hal', 7, 1, 2.07944),
(1561, 'tentu??', 7, 1, 2.07944),
(1562, 'mengakibatkan', 7, 1, 2.07944),
(1563, 'terjadinya', 7, 1, 2.07944),
(1564, 'pencemaran', 7, 2, 4.15888),
(1565, 'lingkungan', 7, 4, 5.54518),
(1566, 'mengurangi', 7, 2, 4.15888),
(1567, 'indahan', 7, 1, 2.07944),
(1568, 'sendiri', 7, 1, 0.980829),
(1569, 'memang', 7, 2, 2.77259),
(1570, 'tidak', 7, 6, 5.88498),
(1571, 'dapat', 7, 3, 0),
(1572, 'diuraikan', 7, 1, 2.07944),
(1573, 'oleh', 7, 2, 0.940007),
(1574, 'mikroba', 7, 1, 2.07944),
(1575, 'pengurai', 7, 1, 2.07944),
(1576, 'sehingga', 7, 4, 5.54518),
(1577, 'sangat', 7, 4, 5.54518),
(1578, 'sulit', 7, 1, 1.38629),
(1579, 'membusukknnya', 7, 1, 2.07944),
(1580, 'jika', 7, 6, 2.82002),
(1581, 'membakarnya', 7, 1, 2.07944),
(1582, 'asapnya', 7, 1, 2.07944),
(1583, 'justru', 7, 1, 2.07944),
(1584, 'mencemari', 7, 2, 4.15888),
(1585, 'udara', 7, 1, 1.38629),
(1586, 'mana', 7, 2, 1.96166),
(1587, 'terhirup', 7, 1, 2.07944),
(1588, 'membahayakan', 7, 1, 2.07944),
(1589, 'sehatan', 7, 1, 2.07944),
(1590, 'tubuh', 7, 1, 2.07944),
(1591, 'manusia', 7, 1, 2.07944),
(1592, 'salah', 7, 2, 1.96166),
(1593, 'satu', 7, 3, 2.07944),
(1594, 'bentuk', 7, 5, 6.93147),
(1595, 'ialah', 7, 6, 12.4766),
(1596, 'nah', 7, 5, 4.90415),
(1597, 'bertebaran', 7, 1, 2.07944);
INSERT INTO `tbindex` (`Id`, `Term`, `DocId`, `Count`, `Bobot`) VALUES
(1598, 'ingkungan', 7, 1, 2.07944),
(1599, 'alangkah', 7, 1, 2.07944),
(1600, 'baiknya', 7, 1, 2.07944),
(1601, 'memanfaatkannya', 7, 1, 2.07944),
(1602, 'menjadi', 7, 3, 2.07944),
(1603, 'sesuatu', 7, 1, 2.07944),
(1604, 'berguna', 7, 1, 1.38629),
(1605, 'untuk', 7, 17, 2.27003),
(1606, 'memanfaatkan', 7, 5, 3.46574),
(1607, 'menjadikannya', 7, 1, 2.07944),
(1608, 'sebagai', 7, 3, 0.863046),
(1609, 'me', 7, 7, 6.8658),
(1610, 'ada', 7, 1, 0.133531),
(1611, 'banyak', 7, 2, 0.940007),
(1612, 'jenis', 7, 4, 3.92332),
(1613, 'tanaman', 7, 30, 29.4249),
(1614, 'bisa', 7, 25, 3.33828),
(1615, 'dibudidayakan', 7, 1, 2.07944),
(1616, 'secara', 7, 7, 3.29003),
(1617, 'semisal', 7, 1, 2.07944),
(1618, 'bunga', 7, 3, 4.15888),
(1619, 'hidroponik[1]', 7, 1, 2.07944),
(1620, 'sayur', 7, 2, 4.15888),
(1621, 'hidroponik[2]', 7, 1, 1.38629),
(1622, 'jahe', 7, 2, 4.15888),
(1623, 'hidroponik[3]', 7, 1, 2.07944),
(1624, 'lain', 7, 8, 2.30146),
(1625, 'merupakan', 7, 2, 1.38629),
(1626, 'salajh', 7, 1, 2.07944),
(1627, 'langkah', 7, 5, 1.43841),
(1628, 'anda', 7, 21, 9.87008),
(1629, 'ambil', 7, 1, 1.38629),
(1630, 'dampak', 7, 1, 2.07944),
(1631, 'akibat', 7, 1, 2.07944),
(1632, 'berbahan', 7, 1, 2.07944),
(1633, 'seperti', 7, 7, 0.93472),
(1634, 'tahui', 7, 2, 2.77259),
(1635, 'bersama', 7, 2, 4.15888),
(1636, 'bahwa', 7, 2, 2.77259),
(1637, 'pernah', 7, 1, 2.07944),
(1638, 'merugikan', 7, 1, 2.07944),
(1639, 'selain', 7, 1, 0.980829),
(1640, 'menyegarkan', 7, 1, 2.07944),
(1641, 'suasana', 7, 1, 2.07944),
(1642, 'mendapatkan', 7, 1, 2.07944),
(1643, 'manfaat', 7, 1, 2.07944),
(1644, 'daun', 7, 2, 1.96166),
(1645, 'buahnya', 7, 1, 2.07944),
(1646, 'sayuran', 7, 2, 2.77259),
(1647, 'buah', 7, 1, 1.38629),
(1648, 'buahan', 7, 1, 2.07944),
(1649, 'bertanama', 7, 1, 2.07944),
(1650, 'nantinya', 7, 8, 5.54518),
(1651, 'hampir', 7, 2, 4.15888),
(1652, 'menggunakan', 7, 9, 4.23003),
(1653, 'tanah', 7, 4, 3.92332),
(1654, 'dasar', 7, 4, 8.31777),
(1655, 'melainkan', 7, 1, 2.07944),
(1656, 'bahan', 7, 2, 1.96166),
(1657, 'lainnya', 7, 2, 0.940007),
(1658, 'lah', 7, 1, 2.07944),
(1659, 'olah', 7, 1, 2.07944),
(1660, 'wadah', 7, 3, 4.15888),
(1661, 'penampungnya', 7, 1, 2.07944),
(1662, 'mengetahui', 7, 1, 2.07944),
(1663, 'menyimak', 7, 1, 2.07944),
(1664, 'rtil', 7, 1, 2.07944),
(1665, 'demi', 7, 1, 2.07944),
(1666, 'membuat', 7, 5, 3.46574),
(1667, 'membuatnya', 7, 1, 1.38629),
(1668, 'berikut', 7, 1, 0.470004),
(1669, '1', 7, 7, 3.29003),
(1670, 'memilih', 7, 2, 2.77259),
(1671, 'sesuaipertama', 7, 1, 2.07944),
(1672, 'tama', 7, 1, 2.07944),
(1673, 'harus', 7, 9, 6.23832),
(1674, 'sesuai', 7, 5, 3.46574),
(1675, 'lho', 7, 1, 2.07944),
(1676, 'kok', 7, 1, 2.07944),
(1677, 'apa', 7, 1, 1.38629),
(1678, 'maksudnya', 7, 1, 2.07944),
(1679, 'ukuran', 7, 3, 4.15888),
(1680, 'tanaan', 7, 1, 2.07944),
(1681, 'hendak', 7, 4, 5.54518),
(1682, 'tanam', 7, 6, 5.88498),
(1683, 'tanamna', 7, 1, 2.07944),
(1684, 'berukuran', 7, 6, 8.31777),
(1685, 'cil', 7, 3, 4.15888),
(1686, 'beberapa', 7, 4, 2.77259),
(1687, 'jens', 7, 1, 2.07944),
(1688, 'maka', 7, 17, 7.99006),
(1689, '500ml', 7, 1, 2.07944),
(1690, 'bawah', 7, 1, 0.693147),
(1691, 'seg', 7, 2, 1.96166),
(1692, 'liter', 7, 2, 2.77259),
(1693, 'atas', 7, 2, 1.96166),
(1694, '2', 7, 7, 4.85203),
(1695, 'lebih2', 7, 1, 2.07944),
(1696, 'memodifikasi', 7, 2, 4.15888),
(1697, 'botolseperti', 7, 1, 2.07944),
(1698, 'biasanya', 7, 1, 1.38629),
(1699, 'mengecil', 7, 1, 2.07944),
(1700, 'bagian', 7, 3, 2.94249),
(1701, 'palanya', 7, 1, 2.07944),
(1702, 'gunakan', 7, 1, 1.38629),
(1703, 'mungkin', 7, 1, 1.38629),
(1704, 'sulitan', 7, 1, 2.07944),
(1705, 'melakukan', 7, 3, 2.94249),
(1706, 'perawatan', 7, 4, 5.54518),
(1707, 'bentuknya', 7, 1, 2.07944),
(1708, 'memotong', 7, 1, 1.38629),
(1709, '3', 7, 1, 1.38629),
(1710, 'didapat', 7, 1, 1.38629),
(1711, 'gelas', 7, 1, 2.07944),
(1712, 'besar', 7, 8, 7.84663),
(1713, 'lebih', 7, 4, 2.77259),
(1714, 'leluasa', 7, 1, 2.07944),
(1715, 'merawat', 7, 2, 4.15888),
(1716, 'batang', 7, 2, 4.15888),
(1717, 'tumbuh', 7, 2, 1.96166),
(1718, 'maksimal', 7, 1, 2.07944),
(1719, '??3', 7, 1, 2.07944),
(1720, 'lubang', 7, 4, 3.92332),
(1721, 'pori', 7, 4, 8.31777),
(1722, 'drainase', 7, 2, 4.15888),
(1723, 'boleh', 7, 1, 2.07944),
(1724, 'sampai', 7, 2, 1.38629),
(1725, 'terlewatkan', 7, 1, 2.07944),
(1726, 'meski', 7, 1, 2.07944),
(1727, 'perlu', 7, 3, 2.07944),
(1728, 'air', 7, 6, 5.88498),
(1729, 'namun', 7, 3, 2.94249),
(1730, 'bukan', 7, 3, 2.07944),
(1731, 'berarti', 7, 2, 4.15888),
(1732, 'airnya', 7, 1, 1.38629),
(1733, 'tergenang', 7, 1, 2.07944),
(1734, 'disiramkan', 7, 1, 2.07944),
(1735, 'lekas', 7, 1, 2.07944),
(1736, 'ring', 7, 1, 1.38629),
(1737, 'agar', 7, 5, 1.43841),
(1738, 'akar', 7, 3, 4.15888),
(1739, 'mati', 7, 1, 1.38629),
(1740, 'malah', 7, 2, 4.15888),
(1741, 'busuk', 7, 1, 2.07944),
(1742, 'karena', 7, 5, 2.35002),
(1743, 'menusuk', 7, 1, 2.07944),
(1744, 'nusuk', 7, 1, 2.07944),
(1745, 'dinding', 7, 2, 4.15888),
(1746, 'alas', 7, 1, 2.07944),
(1747, 'jarum', 7, 1, 2.07944),
(1748, 'paku', 7, 1, 2.07944),
(1749, 'jangan', 7, 2, 1.96166),
(1750, 'luban', 7, 1, 2.07944),
(1751, 'terlalu', 7, 3, 2.94249),
(1752, 'membuang', 7, 1, 2.07944),
(1753, 'kandungan', 7, 2, 4.15888),
(1754, 'didalam', 7, 1, 2.07944),
(1755, '4', 7, 1, 0.980829),
(1756, 'menyiapkan', 7, 2, 2.77259),
(1757, 'pengganti', 7, 1, 1.38629),
(1758, 'tanahkarena', 7, 1, 2.07944),
(1759, 'bertanam', 7, 1, 0.980829),
(1760, 'metode', 7, 2, 2.77259),
(1761, 'utnuk', 7, 1, 2.07944),
(1762, 'menggantikan', 7, 1, 2.07944),
(1763, 'sekam', 7, 2, 2.77259),
(1764, 'serabut', 7, 2, 4.15888),
(1765, 'lapa', 7, 2, 4.15888),
(1766, 'pasir', 7, 2, 4.15888),
(1767, 'serbuk', 7, 2, 4.15888),
(1768, 'kayu', 7, 2, 4.15888),
(1769, 'rikil', 7, 2, 4.15888),
(1770, 'halus', 7, 3, 6.23832),
(1771, 'dll', 7, 1, 2.07944),
(1772, 'paling', 7, 1, 1.38629),
(1773, 'bagus', 7, 2, 2.77259),
(1774, 'mencampurnya', 7, 2, 4.15888),
(1775, 'komposisi', 7, 2, 4.15888),
(1776, 'seimbang', 7, 3, 6.23832),
(1777, 'campuran', 7, 1, 1.38629),
(1778, 'perbandingan', 7, 2, 4.15888),
(1779, 'setelah', 7, 2, 4.15888),
(1780, 'dicampur', 7, 1, 1.38629),
(1781, 'merata', 7, 1, 2.07944),
(1782, 'masukkan', 7, 1, 0.980829),
(1783, 'dalam', 7, 8, 2.30146),
(1784, 'hingga', 7, 1, 0.980829),
(1785, 'penuh', 7, 1, 2.07944),
(1786, '??5', 7, 1, 2.07944),
(1787, 'mengatur', 7, 2, 2.77259),
(1788, 'peletakan', 7, 2, 4.15888),
(1789, 'botoljika', 7, 1, 2.07944),
(1790, 'skala', 7, 1, 2.07944),
(1791, 'letak', 7, 1, 2.07944),
(1792, 'posisi', 7, 1, 0.980829),
(1793, 'tersusun', 7, 1, 2.07944),
(1794, 'rapi', 7, 1, 2.07944),
(1795, 'berpengaruh', 7, 1, 2.07944),
(1796, 'mudahan', 7, 1, 2.07944),
(1797, 'proses', 7, 2, 4.15888),
(1798, 'menyusunnya', 7, 1, 2.07944),
(1799, 'berbaris', 7, 1, 2.07944),
(1800, 'dipermukaan', 7, 1, 2.07944),
(1801, 'membuatkan', 7, 1, 2.07944),
(1802, 'rak', 7, 1, 2.07944),
(1803, 'susun', 7, 1, 2.07944),
(1804, 'bertingkat', 7, 1, 1.38629),
(1805, 'tingkat', 7, 1, 2.07944),
(1806, 'tentunya', 7, 1, 2.07944),
(1807, 'tergantung', 7, 1, 0.693147),
(1808, 'tak', 7, 1, 2.07944),
(1809, 'aklah', 7, 1, 2.07944),
(1810, 'penting', 7, 1, 2.07944),
(1811, 'memastikan', 7, 1, 0.980829),
(1812, 'diletakkan', 7, 1, 2.07944),
(1813, 'pad', 7, 1, 2.07944),
(1814, 'atempat', 7, 1, 2.07944),
(1815, 'terpapar', 7, 1, 2.07944),
(1816, 'sinar', 7, 1, 0.980829),
(1817, 'matahari', 7, 2, 1.96166),
(1818, 'memerlukan', 7, 2, 2.77259),
(1819, 'cahaya', 7, 2, 4.15888),
(1820, 'berfotosintesis', 7, 1, 2.07944),
(1821, 'metabolisme', 7, 1, 2.07944),
(1822, '6', 7, 1, 2.07944),
(1823, 'sistem', 7, 1, 0.470004),
(1824, 'pengairan', 7, 1, 2.07944),
(1825, 'sebenarnya', 7, 1, 2.07944),
(1826, 'inovasi', 7, 1, 2.07944),
(1827, 'memudahkan', 7, 2, 4.15888),
(1828, 'penyiraman', 7, 3, 4.15888),
(1829, 'selang', 7, 6, 12.4766),
(1830, 'sarana', 7, 1, 0.980829),
(1831, 'distribusi', 7, 1, 2.07944),
(1832, 'setiap', 7, 3, 2.94249),
(1833, 'mirip', 7, 1, 2.07944),
(1834, 'impus', 7, 1, 2.07944),
(1835, 'semangka[4]', 7, 1, 2.07944),
(1836, 'melon[5]', 7, 1, 2.07944),
(1837, 'hanya', 7, 3, 1.41001),
(1838, 'saja', 7, 1, 0.287682),
(1839, 'tadi', 7, 2, 2.77259),
(1840, 'dilewatkan', 7, 1, 2.07944),
(1841, 'lalu', 7, 3, 2.07944),
(1842, 'berada', 7, 1, 0.470004),
(1843, 'tepat', 7, 1, 2.07944),
(1844, 'tas', 7, 1, 0.980829),
(1845, 'lubangi', 7, 1, 2.07944),
(1846, 'mengalir', 7, 2, 4.15888),
(1847, 'melaluii', 7, 1, 2.07944),
(1848, 'mengucur', 7, 1, 2.07944),
(1849, 'menyirami', 7, 1, 1.38629),
(1850, 'ujung', 7, 2, 4.15888),
(1851, 'hubungkan', 7, 1, 1.38629),
(1852, 'tampungan', 7, 1, 2.07944),
(1853, 'tempanya', 7, 1, 2.07944),
(1854, 'satunya', 7, 1, 2.07944),
(1855, 'sumbat', 7, 1, 2.07944),
(1856, 'jadi', 7, 1, 2.07944),
(1857, 'tinggal', 7, 1, 2.07944),
(1858, 'mengisi', 7, 1, 1.38629),
(1859, 'tempayan', 7, 1, 2.07944),
(1860, 'otomatis', 7, 1, 2.07944),
(1861, 'melalui', 7, 1, 1.38629),
(1862, '7', 7, 1, 1.38629),
(1863, 'pupuk', 7, 9, 8.82746),
(1864, 'botoltanaman', 7, 1, 2.07944),
(1865, 'ditanam', 7, 3, 4.15888),
(1866, 'nutrisi', 7, 3, 2.94249),
(1867, 'mbang', 7, 1, 2.07944),
(1868, 'memiliki', 7, 2, 4.15888),
(1869, 'unsur', 7, 1, 1.38629),
(1870, 'hara', 7, 1, 2.07944),
(1871, 'terbaik', 7, 1, 2.07944),
(1872, 'memadukan', 7, 1, 2.07944),
(1873, 'organik', 7, 2, 4.15888),
(1874, 'buatan', 7, 2, 4.15888),
(1875, 'misalnya', 7, 1, 1.38629),
(1876, '10', 7, 1, 1.38629),
(1877, 'kg', 7, 1, 2.07944),
(1878, 'kang', 7, 1, 2.07944),
(1879, '–', 7, 1, 0.980829),
(1880, 'ons', 7, 1, 2.07944),
(1881, 'terdiri', 7, 1, 1.38629),
(1882, 'phonska', 7, 1, 2.07944),
(1883, '+', 7, 2, 4.15888),
(1884, 'sp', 7, 1, 2.07944),
(1885, '36', 7, 1, 2.07944),
(1886, 'kno3', 7, 1, 2.07944),
(1887, '0', 7, 1, 2.07944),
(1888, 'tanamanjika', 7, 1, 2.07944),
(1889, 'botolnya', 7, 3, 6.23832),
(1890, 'sudah', 7, 1, 0.287682),
(1891, 'siap', 7, 1, 0.980829),
(1892, 'segera', 7, 1, 2.07944),
(1893, 'meliputi', 7, 1, 2.07944),
(1894, 'pemupukan', 7, 1, 2.07944),
(1895, 'susulan', 7, 1, 2.07944),
(1896, 'serta', 7, 1, 0.980829),
(1897, 'penyiangan', 7, 1, 2.07944),
(1898, 'interval', 7, 1, 2.07944),
(1899, 'tentuan', 7, 1, 2.07944),
(1900, 'berbeda', 7, 1, 0.980829),
(1901, 'beda', 7, 1, 1.38629),
(1902, 'tiap', 7, 1, 2.07944),
(1903, 'membaca', 7, 1, 2.07944),
(1904, 'artil', 7, 2, 4.15888),
(1905, 'diss', 7, 1, 2.07944),
(1906, 'mengenai', 7, 1, 0.980829),
(1907, 'membudidayakan', 7, 1, 2.07944),
(1908, 'inginan', 7, 1, 1.38629),
(1909, 'demikianlah', 7, 2, 4.15888),
(1910, 'tahapan', 7, 1, 1.38629),
(1911, 'umum', 7, 1, 1.38629),
(1912, 'hasilnya', 7, 1, 2.07944),
(1913, 'akanmemberikan', 7, 1, 2.07944),
(1914, 'tips', 7, 2, 2.77259),
(1915, 'sukses', 7, 2, 2.77259),
(1916, '??tips', 7, 1, 2.07944),
(1917, 'bekasberikut', 7, 1, 2.07944),
(1918, 'suksesnya', 7, 1, 2.07944),
(1919, 'area', 7, 3, 4.15888),
(1920, 'indoor', 7, 1, 2.07944),
(1921, 'ruangan', 7, 1, 2.07944),
(1922, 'meletakkan', 7, 1, 2.07944),
(1923, 'didekat', 7, 1, 2.07944),
(1924, 'jendela', 7, 1, 1.38629),
(1925, 'kaca', 7, 1, 2.07944),
(1926, 'tembus', 7, 1, 2.07944),
(1927, 'mensiasatinya', 7, 1, 2.07944),
(1928, 'lampu', 7, 1, 2.07944),
(1929, 'fotosintesis', 7, 1, 2.07944),
(1930, 'permbangan', 7, 1, 1.38629),
(1931, 'terbatas', 7, 1, 2.07944),
(1932, 'menambahkan', 7, 1, 1.38629),
(1933, 'perakaran', 7, 1, 2.07944),
(1934, 'menyemprotkan', 7, 1, 2.07944),
(1935, 'cair', 7, 1, 1.38629),
(1936, 'diserap', 7, 1, 2.07944),
(1937, 'mengimbangi', 7, 1, 2.07944),
(1938, 'butuhan', 7, 1, 0.980829),
(1939, 'asupan', 7, 2, 4.15888),
(1940, 'tanamangunakan', 7, 1, 2.07944),
(1941, 'zpt', 7, 1, 2.07944),
(1942, 'mempercepat', 7, 1, 2.07944),
(1943, 'laju', 7, 1, 2.07944),
(1944, 'pertumbuhan', 7, 1, 0.980829),
(1945, 'catatan', 7, 1, 2.07944),
(1946, 'diimbangi', 7, 1, 2.07944),
(1947, 'memadaijika', 7, 1, 2.07944),
(1948, 'dirasa', 7, 1, 2.07944),
(1949, 'kurang', 7, 1, 2.07944),
(1950, 'muat', 7, 1, 2.07944),
(1951, 'menampung', 7, 1, 2.07944),
(1952, 'karnya', 7, 1, 2.07944),
(1953, 'and', 7, 1, 2.07944),
(1954, 'memindahkan', 7, 1, 2.07944),
(1955, 'pot', 7, 2, 2.77259),
(1956, 'ekstra', 7, 1, 2.07944),
(1957, 'hati', 7, 2, 2.77259),
(1958, 'merusak', 7, 1, 2.07944),
(1959, 'mudahnya', 7, 1, 1.38629),
(1960, 'cutter', 7, 1, 1.38629),
(1961, 'diseliling', 7, 1, 2.07944),
(1962, 'dimasukkan', 7, 1, 1.38629),
(1963, 'bersamaan', 7, 1, 2.07944),
(1964, 'cukup', 7, 1, 0.693147),
(1965, 'mudah', 7, 1, 0.693147),
(1966, 'masih', 7, 1, 0.693147),
(1967, 'banhyal', 7, 1, 2.07944),
(1968, 'seputar', 7, 1, 2.07944),
(1969, 'dunia', 7, 1, 1.38629),
(1970, 'binatang', 7, 1, 2.07944),
(1971, 'durian', 7, 2, 4.15888),
(1972, 'montong[6]', 7, 1, 2.07944),
(1973, 'jambu', 7, 2, 4.15888),
(1974, 'madu[7]', 7, 1, 2.07944),
(1975, 'ikan', 7, 2, 4.15888),
(1976, 'cupang[8]', 7, 1, 2.07944),
(1977, 'references^', 7, 1, 1.38629),
(1978, 'ilmubudidaya', 7, 8, 16.6355),
(1979, 'com', 7, 8, 2.30146),
(1980, '^', 7, 7, 4.85203),
(1981, 'semangka', 7, 1, 2.07944),
(1982, 'melon', 7, 1, 2.07944),
(1983, 'montong', 7, 1, 2.07944),
(1984, 'madu', 7, 1, 2.07944),
(1985, 'cupang', 7, 1, 2.07944);

-- --------------------------------------------------------

--
-- Table structure for table `tbkeyword`
--

CREATE TABLE `tbkeyword` (
  `Id` int(11) NOT NULL,
  `Term` varchar(100) NOT NULL,
  `Count` int(11) NOT NULL,
  `Bobot` float NOT NULL
) ENGINE=InnoDB DEFAULT CHARSET=utf8mb4;

--
-- Dumping data for table `tbkeyword`
--

INSERT INTO `tbkeyword` (`Id`, `Term`, `Count`, `Bobot`) VALUES
(524, 'agar', 1, 0.287682),
(525, 'localhost', 1, 0.693147),
(526, 'xampp', 1, 0.693147),
(527, 'dapat', 1, 0),
(528, 'di', 2, 0.267063),
(529, 'akses', 1, 0.693147),
(530, 'komputer', 1, 0.693147),
(531, 'lain', 1, 0.287682);

-- --------------------------------------------------------

--
-- Table structure for table `tbstem`
--

CREATE TABLE `tbstem` (
  `Id` int(11) NOT NULL,
  `Term` varchar(30) NOT NULL,
  `Stem` varchar(30) NOT NULL
) ENGINE=MyISAM DEFAULT CHARSET=latin1;

--
-- Dumping data for table `tbstem`
--

INSERT INTO `tbstem` (`Id`, `Term`, `Stem`) VALUES
(1, 'pertemuan', 'temu'),
(2, 'bertemu', 'temu'),
(3, 'cr9', 'cristiano ronaldo'),
(4, 'kepindahan', 'pindah'),
(5, 'menembus', 'tembus'),
(6, 'menyusut', 'susut');

-- --------------------------------------------------------

--
-- Table structure for table `tbvektor`
--

CREATE TABLE `tbvektor` (
  `DocId` int(11) NOT NULL,
  `Panjang` float NOT NULL
) ENGINE=MyISAM DEFAULT CHARSET=latin1;

--
-- Dumping data for table `tbvektor`
--

INSERT INTO `tbvektor` (`DocId`, `Panjang`) VALUES
(1, 42.1664),
(2, 32.2675),
(3, 34.0326),
(4, 42.3772),
(5, 95.751),
(6, 73.9763),
(7, 89.6554);

-- --------------------------------------------------------

--
-- Table structure for table `tbwdwdi`
--

CREATE TABLE `tbwdwdi` (
  `Id` int(11) NOT NULL,
  `Id_Doc` int(11) NOT NULL,
  `Hasil_p_Bobot` float NOT NULL
) ENGINE=InnoDB DEFAULT CHARSET=utf8mb4;

--
-- Dumping data for table `tbwdwdi`
--

INSERT INTO `tbwdwdi` (`Id`, `Id_Doc`, `Hasil_p_Bobot`) VALUES
(1, 3, 0.331044),
(2, 4, 0.165522),
(3, 5, 0.165522),
(4, 6, 0.0827609),
(5, 7, 0.413805),
(6, 2, 1.92181),
(7, 3, 3.36317),
(8, 4, 5.76544),
(9, 2, 2.40227),
(10, 3, 2.88272),
(11, 4, 0.960903),
(12, 1, 0),
(13, 2, 0),
(14, 3, 0),
(15, 4, 0),
(16, 5, 0),
(17, 6, 0),
(18, 7, 0),
(19, 1, 0),
(20, 2, 0),
(21, 3, 0),
(22, 4, 0),
(23, 5, 0),
(24, 6, 0),
(25, 2, 1.92181),
(26, 3, 1.92181),
(27, 4, 0.480453),
(28, 2, 6.24589),
(29, 3, 1.92181),
(30, 4, 0.960903),
(31, 2, 0.496565),
(32, 3, 0.0827609),
(33, 4, 0.248283),
(34, 5, 0.0827609),
(35, 7, 0.662089);

--
-- Indexes for dumped tables
--

--
-- Indexes for table `simpan_hasil`
--
ALTER TABLE `simpan_hasil`
  ADD PRIMARY KEY (`Id`);

--
-- Indexes for table `tbberita`
--
ALTER TABLE `tbberita`
  ADD PRIMARY KEY (`Id`);

--
-- Indexes for table `tbcache`
--
ALTER TABLE `tbcache`
  ADD PRIMARY KEY (`Id`);

--
-- Indexes for table `tbindex`
--
ALTER TABLE `tbindex`
  ADD PRIMARY KEY (`Id`);

--
-- Indexes for table `tbkeyword`
--
ALTER TABLE `tbkeyword`
  ADD PRIMARY KEY (`Id`);

--
-- Indexes for table `tbstem`
--
ALTER TABLE `tbstem`
  ADD PRIMARY KEY (`Id`);

--
-- Indexes for table `tbvektor`
--
ALTER TABLE `tbvektor`
  ADD PRIMARY KEY (`DocId`);

--
-- Indexes for table `tbwdwdi`
--
ALTER TABLE `tbwdwdi`
  ADD PRIMARY KEY (`Id`);

--
-- AUTO_INCREMENT for dumped tables
--

--
-- AUTO_INCREMENT for table `simpan_hasil`
--
ALTER TABLE `simpan_hasil`
  MODIFY `Id` int(11) NOT NULL AUTO_INCREMENT, AUTO_INCREMENT=8;

--
-- AUTO_INCREMENT for table `tbberita`
--
ALTER TABLE `tbberita`
  MODIFY `Id` int(11) NOT NULL AUTO_INCREMENT, AUTO_INCREMENT=8;

--
-- AUTO_INCREMENT for table `tbcache`
--
ALTER TABLE `tbcache`
  MODIFY `Id` int(11) NOT NULL AUTO_INCREMENT;

--
-- AUTO_INCREMENT for table `tbindex`
--
ALTER TABLE `tbindex`
  MODIFY `Id` int(11) NOT NULL AUTO_INCREMENT, AUTO_INCREMENT=1986;

--
-- AUTO_INCREMENT for table `tbkeyword`
--
ALTER TABLE `tbkeyword`
  MODIFY `Id` int(11) NOT NULL AUTO_INCREMENT, AUTO_INCREMENT=532;

--
-- AUTO_INCREMENT for table `tbstem`
--
ALTER TABLE `tbstem`
  MODIFY `Id` int(11) NOT NULL AUTO_INCREMENT, AUTO_INCREMENT=8;

--
-- AUTO_INCREMENT for table `tbwdwdi`
--
ALTER TABLE `tbwdwdi`
  MODIFY `Id` int(11) NOT NULL AUTO_INCREMENT, AUTO_INCREMENT=36;
COMMIT;

/*!40101 SET CHARACTER_SET_CLIENT=@OLD_CHARACTER_SET_CLIENT */;
/*!40101 SET CHARACTER_SET_RESULTS=@OLD_CHARACTER_SET_RESULTS */;
/*!40101 SET COLLATION_CONNECTION=@OLD_COLLATION_CONNECTION */;
